-- -------------------------------------------------------------
-- TablePlus 2.10.2(272)
--
-- https://tableplus.com/
--
-- Database: pokemons
-- Generation Time: 2019-11-07 18:25:52.5400
-- -------------------------------------------------------------


DROP TABLE IF EXISTS "public"."pokemon_x_type";
-- This script only contains the table creation statements and does not fully represent the table in the database. It's still missing: indices, triggers. Do not use it as a backup.

-- Table Definition
CREATE TABLE "public"."pokemon_x_type" (
    "idPokemon" int4,
    "idType" int4
);

DROP TABLE IF EXISTS "public"."pokemons";
-- This script only contains the table creation statements and does not fully represent the table in the database. It's still missing: indices, triggers. Do not use it as a backup.

-- Sequence and defined type
CREATE SEQUENCE IF NOT EXISTS pokemons_id_seq;

-- Table Definition
CREATE TABLE "public"."pokemons" (
    "id" int4 NOT NULL DEFAULT nextval('pokemons_id_seq'::regclass),
    "name" varchar(255),
    "height" int4,
    "weight" int4,
    "base_experience" int4,
    "sprites" text,
    "region" int4,
    PRIMARY KEY ("id")
);

DROP TABLE IF EXISTS "public"."regions";
-- This script only contains the table creation statements and does not fully represent the table in the database. It's still missing: indices, triggers. Do not use it as a backup.

-- Sequence and defined type
CREATE SEQUENCE IF NOT EXISTS regions_id_seq;

-- Table Definition
CREATE TABLE "public"."regions" (
    "id" int4 NOT NULL DEFAULT nextval('regions_id_seq'::regclass),
    "name" varchar(255),
    PRIMARY KEY ("id")
);

DROP TABLE IF EXISTS "public"."types";
-- This script only contains the table creation statements and does not fully represent the table in the database. It's still missing: indices, triggers. Do not use it as a backup.

-- Sequence and defined type
CREATE SEQUENCE IF NOT EXISTS types_id_seq;

-- Table Definition
CREATE TABLE "public"."types" (
    "id" int4 NOT NULL DEFAULT nextval('types_id_seq'::regclass),
    "name" varchar(255),
    "double_damage_from" _varchar,
    "double_damage_to" _varchar,
    "half_damage_from" _varchar,
    "half_damage_to" _varchar,
    "no_damage_from" _varchar,
    "no_damage_to" _varchar,
    PRIMARY KEY ("id")
);

INSERT INTO "public"."pokemon_x_type" ("idPokemon", "idType") VALUES ('1', '4'),
('1', '12'),
('2', '4'),
('2', '12'),
('3', '4'),
('3', '12'),
('4', '10'),
('5', '10'),
('6', '3'),
('6', '10'),
('7', '11'),
('8', '11'),
('9', '11'),
('10', '7'),
('11', '7'),
('12', '3'),
('12', '7'),
('13', '4'),
('13', '7'),
('14', '4'),
('14', '7'),
('15', '4'),
('15', '7'),
('16', '3'),
('16', '1'),
('17', '3'),
('17', '1'),
('18', '3'),
('18', '1'),
('19', '1'),
('20', '1'),
('21', '3'),
('21', '1'),
('22', '3'),
('22', '1'),
('23', '4'),
('24', '4'),
('25', '13'),
('26', '13'),
('27', '5'),
('28', '5'),
('29', '4'),
('30', '4'),
('31', '5'),
('31', '4'),
('32', '4'),
('33', '4'),
('34', '5'),
('34', '4'),
('35', '18'),
('36', '18'),
('37', '10'),
('38', '10'),
('39', '18'),
('39', '1'),
('40', '18'),
('40', '1'),
('41', '3'),
('41', '4'),
('42', '3'),
('42', '4'),
('43', '4'),
('43', '12'),
('44', '4'),
('44', '12'),
('45', '4'),
('45', '12'),
('46', '12'),
('46', '7'),
('47', '12'),
('47', '7'),
('48', '4'),
('48', '7'),
('49', '4'),
('49', '7'),
('50', '5'),
('51', '5'),
('52', '1'),
('53', '1'),
('54', '11'),
('55', '11'),
('56', '2'),
('57', '2'),
('58', '10'),
('59', '10'),
('60', '11'),
('61', '11'),
('62', '2'),
('62', '11'),
('63', '14'),
('64', '14'),
('65', '14'),
('66', '2'),
('67', '2'),
('68', '2'),
('69', '4'),
('69', '12'),
('70', '4'),
('70', '12'),
('71', '4'),
('71', '12'),
('72', '4'),
('72', '11'),
('73', '4'),
('73', '11'),
('74', '5'),
('74', '6'),
('75', '5'),
('75', '6'),
('76', '5'),
('76', '6'),
('77', '10'),
('78', '10'),
('79', '14'),
('79', '11'),
('80', '14'),
('80', '11'),
('81', '9'),
('81', '13'),
('82', '9'),
('82', '13'),
('83', '3'),
('83', '1'),
('84', '3'),
('84', '1'),
('85', '3'),
('85', '1'),
('86', '11'),
('87', '15'),
('87', '11'),
('88', '4'),
('89', '4'),
('90', '11'),
('91', '15'),
('91', '11'),
('92', '4'),
('92', '8'),
('93', '4'),
('93', '8'),
('94', '4'),
('94', '8'),
('95', '5'),
('95', '6'),
('96', '14'),
('97', '14'),
('98', '11'),
('99', '11'),
('100', '13'),
('101', '13'),
('102', '14'),
('102', '12'),
('103', '14'),
('103', '12'),
('104', '5'),
('105', '5'),
('106', '2'),
('107', '2'),
('108', '1'),
('109', '4'),
('110', '4'),
('111', '6'),
('111', '5'),
('112', '6'),
('112', '5'),
('113', '1'),
('114', '12'),
('115', '1'),
('116', '11'),
('117', '11'),
('118', '11'),
('119', '11'),
('120', '11'),
('121', '14'),
('121', '11'),
('122', '18'),
('122', '14'),
('123', '3'),
('123', '7'),
('124', '14'),
('124', '15'),
('125', '13'),
('126', '10'),
('127', '7'),
('128', '1'),
('129', '11'),
('130', '3'),
('130', '11'),
('131', '15'),
('131', '11'),
('132', '1'),
('133', '1'),
('134', '11'),
('135', '13'),
('136', '10'),
('137', '1'),
('138', '11'),
('138', '6'),
('139', '11'),
('139', '6'),
('140', '11'),
('140', '6'),
('141', '11'),
('141', '6'),
('142', '3'),
('142', '6'),
('143', '1'),
('144', '3'),
('144', '15'),
('145', '3'),
('145', '13'),
('146', '3'),
('146', '10'),
('147', '16'),
('148', '16'),
('149', '3'),
('149', '16'),
('150', '14'),
('151', '14'),
('152', '12'),
('153', '12'),
('154', '12'),
('155', '10'),
('156', '10'),
('157', '10'),
('158', '11'),
('159', '11'),
('160', '11'),
('161', '1'),
('162', '1'),
('163', '3'),
('163', '1'),
('164', '3'),
('164', '1'),
('165', '3'),
('165', '7'),
('166', '3'),
('166', '7'),
('167', '4'),
('167', '7'),
('168', '4'),
('168', '7'),
('169', '3'),
('169', '4'),
('170', '13'),
('170', '11'),
('171', '13'),
('171', '11'),
('172', '13'),
('173', '18'),
('174', '18'),
('174', '1'),
('175', '18'),
('176', '3'),
('176', '18'),
('177', '3'),
('177', '14'),
('178', '3'),
('178', '14'),
('179', '13'),
('180', '13'),
('181', '13'),
('182', '12'),
('183', '18'),
('183', '11'),
('184', '18'),
('184', '11'),
('185', '6'),
('186', '11'),
('187', '3'),
('187', '12'),
('188', '3'),
('188', '12'),
('189', '3'),
('189', '12'),
('190', '1'),
('191', '12'),
('192', '12'),
('193', '3'),
('193', '7'),
('194', '5'),
('194', '11'),
('195', '5'),
('195', '11'),
('196', '14'),
('197', '17'),
('198', '3'),
('198', '17'),
('199', '14'),
('199', '11'),
('200', '8'),
('201', '14'),
('202', '14'),
('203', '14'),
('203', '1'),
('204', '7'),
('205', '9'),
('205', '7'),
('206', '1'),
('207', '3'),
('207', '5'),
('208', '5'),
('208', '9'),
('209', '18'),
('210', '18'),
('211', '4'),
('211', '11'),
('212', '9'),
('212', '7'),
('213', '6'),
('213', '7'),
('214', '2'),
('214', '7'),
('215', '15'),
('215', '17'),
('216', '1'),
('217', '1'),
('218', '10'),
('219', '6'),
('219', '10'),
('220', '5'),
('220', '15'),
('221', '5'),
('221', '15'),
('222', '6'),
('222', '11'),
('223', '11'),
('224', '11'),
('225', '3'),
('225', '15'),
('226', '3'),
('226', '11'),
('227', '3'),
('227', '9'),
('228', '10'),
('228', '17'),
('229', '10'),
('229', '17'),
('230', '16'),
('230', '11'),
('231', '5'),
('232', '5'),
('233', '1'),
('234', '1'),
('235', '1'),
('236', '2'),
('237', '2'),
('238', '14'),
('238', '15'),
('239', '13'),
('240', '10'),
('241', '1'),
('242', '1'),
('243', '13'),
('244', '10'),
('245', '11'),
('246', '5'),
('246', '6'),
('247', '5'),
('247', '6'),
('248', '17'),
('248', '6'),
('249', '3'),
('249', '14'),
('250', '3'),
('250', '10'),
('251', '12'),
('251', '14');

INSERT INTO "public"."pokemons" ("id", "name", "height", "weight", "base_experience", "sprites", "region") VALUES ('1', 'bulbasaur', '7', '69', '64', '{"back_default":"https://raw.githubusercontent.com/PokeAPI/sprites/master/sprites/pokemon/back/1.png","back_female":null,"back_shiny":"https://raw.githubusercontent.com/PokeAPI/sprites/master/sprites/pokemon/back/shiny/1.png","back_shiny_female":null,"front_default":"https://raw.githubusercontent.com/PokeAPI/sprites/master/sprites/pokemon/1.png","front_female":null,"front_shiny":"https://raw.githubusercontent.com/PokeAPI/sprites/master/sprites/pokemon/shiny/1.png","front_shiny_female":null}', '1'),
('2', 'ivysaur', '10', '130', '142', '{"back_default":"https://raw.githubusercontent.com/PokeAPI/sprites/master/sprites/pokemon/back/2.png","back_female":null,"back_shiny":"https://raw.githubusercontent.com/PokeAPI/sprites/master/sprites/pokemon/back/shiny/2.png","back_shiny_female":null,"front_default":"https://raw.githubusercontent.com/PokeAPI/sprites/master/sprites/pokemon/2.png","front_female":null,"front_shiny":"https://raw.githubusercontent.com/PokeAPI/sprites/master/sprites/pokemon/shiny/2.png","front_shiny_female":null}', '1'),
('3', 'venusaur', '20', '1000', '236', '{"back_default":"https://raw.githubusercontent.com/PokeAPI/sprites/master/sprites/pokemon/back/3.png","back_female":"https://raw.githubusercontent.com/PokeAPI/sprites/master/sprites/pokemon/back/female/3.png","back_shiny":"https://raw.githubusercontent.com/PokeAPI/sprites/master/sprites/pokemon/back/shiny/3.png","back_shiny_female":"https://raw.githubusercontent.com/PokeAPI/sprites/master/sprites/pokemon/back/shiny/female/3.png","front_default":"https://raw.githubusercontent.com/PokeAPI/sprites/master/sprites/pokemon/3.png","front_female":"https://raw.githubusercontent.com/PokeAPI/sprites/master/sprites/pokemon/female/3.png","front_shiny":"https://raw.githubusercontent.com/PokeAPI/sprites/master/sprites/pokemon/shiny/3.png","front_shiny_female":"https://raw.githubusercontent.com/PokeAPI/sprites/master/sprites/pokemon/shiny/female/3.png"}', '1'),
('4', 'charmander', '6', '85', '62', '{"back_default":"https://raw.githubusercontent.com/PokeAPI/sprites/master/sprites/pokemon/back/4.png","back_female":null,"back_shiny":"https://raw.githubusercontent.com/PokeAPI/sprites/master/sprites/pokemon/back/shiny/4.png","back_shiny_female":null,"front_default":"https://raw.githubusercontent.com/PokeAPI/sprites/master/sprites/pokemon/4.png","front_female":null,"front_shiny":"https://raw.githubusercontent.com/PokeAPI/sprites/master/sprites/pokemon/shiny/4.png","front_shiny_female":null}', '1'),
('5', 'charmeleon', '11', '190', '142', '{"back_default":"https://raw.githubusercontent.com/PokeAPI/sprites/master/sprites/pokemon/back/5.png","back_female":null,"back_shiny":"https://raw.githubusercontent.com/PokeAPI/sprites/master/sprites/pokemon/back/shiny/5.png","back_shiny_female":null,"front_default":"https://raw.githubusercontent.com/PokeAPI/sprites/master/sprites/pokemon/5.png","front_female":null,"front_shiny":"https://raw.githubusercontent.com/PokeAPI/sprites/master/sprites/pokemon/shiny/5.png","front_shiny_female":null}', '1'),
('6', 'charizard', '17', '905', '240', '{"back_default":"https://raw.githubusercontent.com/PokeAPI/sprites/master/sprites/pokemon/back/6.png","back_female":null,"back_shiny":"https://raw.githubusercontent.com/PokeAPI/sprites/master/sprites/pokemon/back/shiny/6.png","back_shiny_female":null,"front_default":"https://raw.githubusercontent.com/PokeAPI/sprites/master/sprites/pokemon/6.png","front_female":null,"front_shiny":"https://raw.githubusercontent.com/PokeAPI/sprites/master/sprites/pokemon/shiny/6.png","front_shiny_female":null}', '1'),
('7', 'squirtle', '5', '90', '63', '{"back_default":"https://raw.githubusercontent.com/PokeAPI/sprites/master/sprites/pokemon/back/7.png","back_female":null,"back_shiny":"https://raw.githubusercontent.com/PokeAPI/sprites/master/sprites/pokemon/back/shiny/7.png","back_shiny_female":null,"front_default":"https://raw.githubusercontent.com/PokeAPI/sprites/master/sprites/pokemon/7.png","front_female":null,"front_shiny":"https://raw.githubusercontent.com/PokeAPI/sprites/master/sprites/pokemon/shiny/7.png","front_shiny_female":null}', '1'),
('8', 'wartortle', '10', '225', '142', '{"back_default":"https://raw.githubusercontent.com/PokeAPI/sprites/master/sprites/pokemon/back/8.png","back_female":null,"back_shiny":"https://raw.githubusercontent.com/PokeAPI/sprites/master/sprites/pokemon/back/shiny/8.png","back_shiny_female":null,"front_default":"https://raw.githubusercontent.com/PokeAPI/sprites/master/sprites/pokemon/8.png","front_female":null,"front_shiny":"https://raw.githubusercontent.com/PokeAPI/sprites/master/sprites/pokemon/shiny/8.png","front_shiny_female":null}', '1'),
('9', 'blastoise', '16', '855', '239', '{"back_default":"https://raw.githubusercontent.com/PokeAPI/sprites/master/sprites/pokemon/back/9.png","back_female":null,"back_shiny":"https://raw.githubusercontent.com/PokeAPI/sprites/master/sprites/pokemon/back/shiny/9.png","back_shiny_female":null,"front_default":"https://raw.githubusercontent.com/PokeAPI/sprites/master/sprites/pokemon/9.png","front_female":null,"front_shiny":"https://raw.githubusercontent.com/PokeAPI/sprites/master/sprites/pokemon/shiny/9.png","front_shiny_female":null}', '1'),
('10', 'caterpie', '3', '29', '39', '{"back_default":"https://raw.githubusercontent.com/PokeAPI/sprites/master/sprites/pokemon/back/10.png","back_female":null,"back_shiny":"https://raw.githubusercontent.com/PokeAPI/sprites/master/sprites/pokemon/back/shiny/10.png","back_shiny_female":null,"front_default":"https://raw.githubusercontent.com/PokeAPI/sprites/master/sprites/pokemon/10.png","front_female":null,"front_shiny":"https://raw.githubusercontent.com/PokeAPI/sprites/master/sprites/pokemon/shiny/10.png","front_shiny_female":null}', '1'),
('11', 'metapod', '7', '99', '72', '{"back_default":"https://raw.githubusercontent.com/PokeAPI/sprites/master/sprites/pokemon/back/11.png","back_female":null,"back_shiny":"https://raw.githubusercontent.com/PokeAPI/sprites/master/sprites/pokemon/back/shiny/11.png","back_shiny_female":null,"front_default":"https://raw.githubusercontent.com/PokeAPI/sprites/master/sprites/pokemon/11.png","front_female":null,"front_shiny":"https://raw.githubusercontent.com/PokeAPI/sprites/master/sprites/pokemon/shiny/11.png","front_shiny_female":null}', '1'),
('12', 'butterfree', '11', '320', '178', '{"back_default":"https://raw.githubusercontent.com/PokeAPI/sprites/master/sprites/pokemon/back/12.png","back_female":"https://raw.githubusercontent.com/PokeAPI/sprites/master/sprites/pokemon/back/female/12.png","back_shiny":"https://raw.githubusercontent.com/PokeAPI/sprites/master/sprites/pokemon/back/shiny/12.png","back_shiny_female":"https://raw.githubusercontent.com/PokeAPI/sprites/master/sprites/pokemon/back/shiny/female/12.png","front_default":"https://raw.githubusercontent.com/PokeAPI/sprites/master/sprites/pokemon/12.png","front_female":"https://raw.githubusercontent.com/PokeAPI/sprites/master/sprites/pokemon/female/12.png","front_shiny":"https://raw.githubusercontent.com/PokeAPI/sprites/master/sprites/pokemon/shiny/12.png","front_shiny_female":"https://raw.githubusercontent.com/PokeAPI/sprites/master/sprites/pokemon/shiny/female/12.png"}', '1'),
('13', 'weedle', '3', '32', '39', '{"back_default":"https://raw.githubusercontent.com/PokeAPI/sprites/master/sprites/pokemon/back/13.png","back_female":null,"back_shiny":"https://raw.githubusercontent.com/PokeAPI/sprites/master/sprites/pokemon/back/shiny/13.png","back_shiny_female":null,"front_default":"https://raw.githubusercontent.com/PokeAPI/sprites/master/sprites/pokemon/13.png","front_female":null,"front_shiny":"https://raw.githubusercontent.com/PokeAPI/sprites/master/sprites/pokemon/shiny/13.png","front_shiny_female":null}', '1'),
('14', 'kakuna', '6', '100', '72', '{"back_default":"https://raw.githubusercontent.com/PokeAPI/sprites/master/sprites/pokemon/back/14.png","back_female":null,"back_shiny":"https://raw.githubusercontent.com/PokeAPI/sprites/master/sprites/pokemon/back/shiny/14.png","back_shiny_female":null,"front_default":"https://raw.githubusercontent.com/PokeAPI/sprites/master/sprites/pokemon/14.png","front_female":null,"front_shiny":"https://raw.githubusercontent.com/PokeAPI/sprites/master/sprites/pokemon/shiny/14.png","front_shiny_female":null}', '1'),
('15', 'beedrill', '10', '295', '178', '{"back_default":"https://raw.githubusercontent.com/PokeAPI/sprites/master/sprites/pokemon/back/15.png","back_female":null,"back_shiny":"https://raw.githubusercontent.com/PokeAPI/sprites/master/sprites/pokemon/back/shiny/15.png","back_shiny_female":null,"front_default":"https://raw.githubusercontent.com/PokeAPI/sprites/master/sprites/pokemon/15.png","front_female":null,"front_shiny":"https://raw.githubusercontent.com/PokeAPI/sprites/master/sprites/pokemon/shiny/15.png","front_shiny_female":null}', '1'),
('16', 'pidgey', '3', '18', '50', '{"back_default":"https://raw.githubusercontent.com/PokeAPI/sprites/master/sprites/pokemon/back/16.png","back_female":null,"back_shiny":"https://raw.githubusercontent.com/PokeAPI/sprites/master/sprites/pokemon/back/shiny/16.png","back_shiny_female":null,"front_default":"https://raw.githubusercontent.com/PokeAPI/sprites/master/sprites/pokemon/16.png","front_female":null,"front_shiny":"https://raw.githubusercontent.com/PokeAPI/sprites/master/sprites/pokemon/shiny/16.png","front_shiny_female":null}', '1'),
('17', 'pidgeotto', '11', '300', '122', '{"back_default":"https://raw.githubusercontent.com/PokeAPI/sprites/master/sprites/pokemon/back/17.png","back_female":null,"back_shiny":"https://raw.githubusercontent.com/PokeAPI/sprites/master/sprites/pokemon/back/shiny/17.png","back_shiny_female":null,"front_default":"https://raw.githubusercontent.com/PokeAPI/sprites/master/sprites/pokemon/17.png","front_female":null,"front_shiny":"https://raw.githubusercontent.com/PokeAPI/sprites/master/sprites/pokemon/shiny/17.png","front_shiny_female":null}', '1'),
('18', 'pidgeot', '15', '395', '216', '{"back_default":"https://raw.githubusercontent.com/PokeAPI/sprites/master/sprites/pokemon/back/18.png","back_female":null,"back_shiny":"https://raw.githubusercontent.com/PokeAPI/sprites/master/sprites/pokemon/back/shiny/18.png","back_shiny_female":null,"front_default":"https://raw.githubusercontent.com/PokeAPI/sprites/master/sprites/pokemon/18.png","front_female":null,"front_shiny":"https://raw.githubusercontent.com/PokeAPI/sprites/master/sprites/pokemon/shiny/18.png","front_shiny_female":null}', '1'),
('19', 'rattata', '3', '35', '51', '{"back_default":"https://raw.githubusercontent.com/PokeAPI/sprites/master/sprites/pokemon/back/19.png","back_female":"https://raw.githubusercontent.com/PokeAPI/sprites/master/sprites/pokemon/back/female/19.png","back_shiny":"https://raw.githubusercontent.com/PokeAPI/sprites/master/sprites/pokemon/back/shiny/19.png","back_shiny_female":"https://raw.githubusercontent.com/PokeAPI/sprites/master/sprites/pokemon/back/shiny/female/19.png","front_default":"https://raw.githubusercontent.com/PokeAPI/sprites/master/sprites/pokemon/19.png","front_female":"https://raw.githubusercontent.com/PokeAPI/sprites/master/sprites/pokemon/female/19.png","front_shiny":"https://raw.githubusercontent.com/PokeAPI/sprites/master/sprites/pokemon/shiny/19.png","front_shiny_female":"https://raw.githubusercontent.com/PokeAPI/sprites/master/sprites/pokemon/shiny/female/19.png"}', '1'),
('20', 'raticate', '7', '185', '145', '{"back_default":"https://raw.githubusercontent.com/PokeAPI/sprites/master/sprites/pokemon/back/20.png","back_female":"https://raw.githubusercontent.com/PokeAPI/sprites/master/sprites/pokemon/back/female/20.png","back_shiny":"https://raw.githubusercontent.com/PokeAPI/sprites/master/sprites/pokemon/back/shiny/20.png","back_shiny_female":"https://raw.githubusercontent.com/PokeAPI/sprites/master/sprites/pokemon/back/shiny/female/20.png","front_default":"https://raw.githubusercontent.com/PokeAPI/sprites/master/sprites/pokemon/20.png","front_female":"https://raw.githubusercontent.com/PokeAPI/sprites/master/sprites/pokemon/female/20.png","front_shiny":"https://raw.githubusercontent.com/PokeAPI/sprites/master/sprites/pokemon/shiny/20.png","front_shiny_female":"https://raw.githubusercontent.com/PokeAPI/sprites/master/sprites/pokemon/shiny/female/20.png"}', '1'),
('21', 'spearow', '3', '20', '52', '{"back_default":"https://raw.githubusercontent.com/PokeAPI/sprites/master/sprites/pokemon/back/21.png","back_female":null,"back_shiny":"https://raw.githubusercontent.com/PokeAPI/sprites/master/sprites/pokemon/back/shiny/21.png","back_shiny_female":null,"front_default":"https://raw.githubusercontent.com/PokeAPI/sprites/master/sprites/pokemon/21.png","front_female":null,"front_shiny":"https://raw.githubusercontent.com/PokeAPI/sprites/master/sprites/pokemon/shiny/21.png","front_shiny_female":null}', '1'),
('22', 'fearow', '12', '380', '155', '{"back_default":"https://raw.githubusercontent.com/PokeAPI/sprites/master/sprites/pokemon/back/22.png","back_female":null,"back_shiny":"https://raw.githubusercontent.com/PokeAPI/sprites/master/sprites/pokemon/back/shiny/22.png","back_shiny_female":null,"front_default":"https://raw.githubusercontent.com/PokeAPI/sprites/master/sprites/pokemon/22.png","front_female":null,"front_shiny":"https://raw.githubusercontent.com/PokeAPI/sprites/master/sprites/pokemon/shiny/22.png","front_shiny_female":null}', '1'),
('23', 'ekans', '20', '69', '58', '{"back_default":"https://raw.githubusercontent.com/PokeAPI/sprites/master/sprites/pokemon/back/23.png","back_female":null,"back_shiny":"https://raw.githubusercontent.com/PokeAPI/sprites/master/sprites/pokemon/back/shiny/23.png","back_shiny_female":null,"front_default":"https://raw.githubusercontent.com/PokeAPI/sprites/master/sprites/pokemon/23.png","front_female":null,"front_shiny":"https://raw.githubusercontent.com/PokeAPI/sprites/master/sprites/pokemon/shiny/23.png","front_shiny_female":null}', '1'),
('24', 'arbok', '35', '650', '157', '{"back_default":"https://raw.githubusercontent.com/PokeAPI/sprites/master/sprites/pokemon/back/24.png","back_female":null,"back_shiny":"https://raw.githubusercontent.com/PokeAPI/sprites/master/sprites/pokemon/back/shiny/24.png","back_shiny_female":null,"front_default":"https://raw.githubusercontent.com/PokeAPI/sprites/master/sprites/pokemon/24.png","front_female":null,"front_shiny":"https://raw.githubusercontent.com/PokeAPI/sprites/master/sprites/pokemon/shiny/24.png","front_shiny_female":null}', '1'),
('25', 'pikachu', '4', '60', '112', '{"back_default":"https://raw.githubusercontent.com/PokeAPI/sprites/master/sprites/pokemon/back/25.png","back_female":"https://raw.githubusercontent.com/PokeAPI/sprites/master/sprites/pokemon/back/female/25.png","back_shiny":"https://raw.githubusercontent.com/PokeAPI/sprites/master/sprites/pokemon/back/shiny/25.png","back_shiny_female":"https://raw.githubusercontent.com/PokeAPI/sprites/master/sprites/pokemon/back/shiny/female/25.png","front_default":"https://raw.githubusercontent.com/PokeAPI/sprites/master/sprites/pokemon/25.png","front_female":"https://raw.githubusercontent.com/PokeAPI/sprites/master/sprites/pokemon/female/25.png","front_shiny":"https://raw.githubusercontent.com/PokeAPI/sprites/master/sprites/pokemon/shiny/25.png","front_shiny_female":"https://raw.githubusercontent.com/PokeAPI/sprites/master/sprites/pokemon/shiny/female/25.png"}', '1'),
('26', 'raichu', '8', '300', '218', '{"back_default":"https://raw.githubusercontent.com/PokeAPI/sprites/master/sprites/pokemon/back/26.png","back_female":"https://raw.githubusercontent.com/PokeAPI/sprites/master/sprites/pokemon/back/female/26.png","back_shiny":"https://raw.githubusercontent.com/PokeAPI/sprites/master/sprites/pokemon/back/shiny/26.png","back_shiny_female":"https://raw.githubusercontent.com/PokeAPI/sprites/master/sprites/pokemon/back/shiny/female/26.png","front_default":"https://raw.githubusercontent.com/PokeAPI/sprites/master/sprites/pokemon/26.png","front_female":"https://raw.githubusercontent.com/PokeAPI/sprites/master/sprites/pokemon/female/26.png","front_shiny":"https://raw.githubusercontent.com/PokeAPI/sprites/master/sprites/pokemon/shiny/26.png","front_shiny_female":"https://raw.githubusercontent.com/PokeAPI/sprites/master/sprites/pokemon/shiny/female/26.png"}', '1'),
('27', 'sandshrew', '6', '120', '60', '{"back_default":"https://raw.githubusercontent.com/PokeAPI/sprites/master/sprites/pokemon/back/27.png","back_female":null,"back_shiny":"https://raw.githubusercontent.com/PokeAPI/sprites/master/sprites/pokemon/back/shiny/27.png","back_shiny_female":null,"front_default":"https://raw.githubusercontent.com/PokeAPI/sprites/master/sprites/pokemon/27.png","front_female":null,"front_shiny":"https://raw.githubusercontent.com/PokeAPI/sprites/master/sprites/pokemon/shiny/27.png","front_shiny_female":null}', '1'),
('28', 'sandslash', '10', '295', '158', '{"back_default":"https://raw.githubusercontent.com/PokeAPI/sprites/master/sprites/pokemon/back/28.png","back_female":null,"back_shiny":"https://raw.githubusercontent.com/PokeAPI/sprites/master/sprites/pokemon/back/shiny/28.png","back_shiny_female":null,"front_default":"https://raw.githubusercontent.com/PokeAPI/sprites/master/sprites/pokemon/28.png","front_female":null,"front_shiny":"https://raw.githubusercontent.com/PokeAPI/sprites/master/sprites/pokemon/shiny/28.png","front_shiny_female":null}', '1'),
('29', 'nidoran-f', '4', '70', '55', '{"back_default":"https://raw.githubusercontent.com/PokeAPI/sprites/master/sprites/pokemon/back/29.png","back_female":null,"back_shiny":"https://raw.githubusercontent.com/PokeAPI/sprites/master/sprites/pokemon/back/shiny/29.png","back_shiny_female":null,"front_default":"https://raw.githubusercontent.com/PokeAPI/sprites/master/sprites/pokemon/29.png","front_female":null,"front_shiny":"https://raw.githubusercontent.com/PokeAPI/sprites/master/sprites/pokemon/shiny/29.png","front_shiny_female":null}', '1'),
('30', 'nidorina', '8', '200', '128', '{"back_default":"https://raw.githubusercontent.com/PokeAPI/sprites/master/sprites/pokemon/back/30.png","back_female":null,"back_shiny":"https://raw.githubusercontent.com/PokeAPI/sprites/master/sprites/pokemon/back/shiny/30.png","back_shiny_female":null,"front_default":"https://raw.githubusercontent.com/PokeAPI/sprites/master/sprites/pokemon/30.png","front_female":null,"front_shiny":"https://raw.githubusercontent.com/PokeAPI/sprites/master/sprites/pokemon/shiny/30.png","front_shiny_female":null}', '1'),
('31', 'nidoqueen', '13', '600', '227', '{"back_default":"https://raw.githubusercontent.com/PokeAPI/sprites/master/sprites/pokemon/back/31.png","back_female":null,"back_shiny":"https://raw.githubusercontent.com/PokeAPI/sprites/master/sprites/pokemon/back/shiny/31.png","back_shiny_female":null,"front_default":"https://raw.githubusercontent.com/PokeAPI/sprites/master/sprites/pokemon/31.png","front_female":null,"front_shiny":"https://raw.githubusercontent.com/PokeAPI/sprites/master/sprites/pokemon/shiny/31.png","front_shiny_female":null}', '1'),
('32', 'nidoran-m', '5', '90', '55', '{"back_default":"https://raw.githubusercontent.com/PokeAPI/sprites/master/sprites/pokemon/back/32.png","back_female":null,"back_shiny":"https://raw.githubusercontent.com/PokeAPI/sprites/master/sprites/pokemon/back/shiny/32.png","back_shiny_female":null,"front_default":"https://raw.githubusercontent.com/PokeAPI/sprites/master/sprites/pokemon/32.png","front_female":null,"front_shiny":"https://raw.githubusercontent.com/PokeAPI/sprites/master/sprites/pokemon/shiny/32.png","front_shiny_female":null}', '1'),
('33', 'nidorino', '9', '195', '128', '{"back_default":"https://raw.githubusercontent.com/PokeAPI/sprites/master/sprites/pokemon/back/33.png","back_female":null,"back_shiny":"https://raw.githubusercontent.com/PokeAPI/sprites/master/sprites/pokemon/back/shiny/33.png","back_shiny_female":null,"front_default":"https://raw.githubusercontent.com/PokeAPI/sprites/master/sprites/pokemon/33.png","front_female":null,"front_shiny":"https://raw.githubusercontent.com/PokeAPI/sprites/master/sprites/pokemon/shiny/33.png","front_shiny_female":null}', '1'),
('34', 'nidoking', '14', '620', '227', '{"back_default":"https://raw.githubusercontent.com/PokeAPI/sprites/master/sprites/pokemon/back/34.png","back_female":null,"back_shiny":"https://raw.githubusercontent.com/PokeAPI/sprites/master/sprites/pokemon/back/shiny/34.png","back_shiny_female":null,"front_default":"https://raw.githubusercontent.com/PokeAPI/sprites/master/sprites/pokemon/34.png","front_female":null,"front_shiny":"https://raw.githubusercontent.com/PokeAPI/sprites/master/sprites/pokemon/shiny/34.png","front_shiny_female":null}', '1'),
('35', 'clefairy', '6', '75', '113', '{"back_default":"https://raw.githubusercontent.com/PokeAPI/sprites/master/sprites/pokemon/back/35.png","back_female":null,"back_shiny":"https://raw.githubusercontent.com/PokeAPI/sprites/master/sprites/pokemon/back/shiny/35.png","back_shiny_female":null,"front_default":"https://raw.githubusercontent.com/PokeAPI/sprites/master/sprites/pokemon/35.png","front_female":null,"front_shiny":"https://raw.githubusercontent.com/PokeAPI/sprites/master/sprites/pokemon/shiny/35.png","front_shiny_female":null}', '1'),
('36', 'clefable', '13', '400', '217', '{"back_default":"https://raw.githubusercontent.com/PokeAPI/sprites/master/sprites/pokemon/back/36.png","back_female":null,"back_shiny":"https://raw.githubusercontent.com/PokeAPI/sprites/master/sprites/pokemon/back/shiny/36.png","back_shiny_female":null,"front_default":"https://raw.githubusercontent.com/PokeAPI/sprites/master/sprites/pokemon/36.png","front_female":null,"front_shiny":"https://raw.githubusercontent.com/PokeAPI/sprites/master/sprites/pokemon/shiny/36.png","front_shiny_female":null}', '1'),
('37', 'vulpix', '6', '99', '60', '{"back_default":"https://raw.githubusercontent.com/PokeAPI/sprites/master/sprites/pokemon/back/37.png","back_female":null,"back_shiny":"https://raw.githubusercontent.com/PokeAPI/sprites/master/sprites/pokemon/back/shiny/37.png","back_shiny_female":null,"front_default":"https://raw.githubusercontent.com/PokeAPI/sprites/master/sprites/pokemon/37.png","front_female":null,"front_shiny":"https://raw.githubusercontent.com/PokeAPI/sprites/master/sprites/pokemon/shiny/37.png","front_shiny_female":null}', '1'),
('38', 'ninetales', '11', '199', '177', '{"back_default":"https://raw.githubusercontent.com/PokeAPI/sprites/master/sprites/pokemon/back/38.png","back_female":null,"back_shiny":"https://raw.githubusercontent.com/PokeAPI/sprites/master/sprites/pokemon/back/shiny/38.png","back_shiny_female":null,"front_default":"https://raw.githubusercontent.com/PokeAPI/sprites/master/sprites/pokemon/38.png","front_female":null,"front_shiny":"https://raw.githubusercontent.com/PokeAPI/sprites/master/sprites/pokemon/shiny/38.png","front_shiny_female":null}', '1'),
('39', 'jigglypuff', '5', '55', '95', '{"back_default":"https://raw.githubusercontent.com/PokeAPI/sprites/master/sprites/pokemon/back/39.png","back_female":null,"back_shiny":"https://raw.githubusercontent.com/PokeAPI/sprites/master/sprites/pokemon/back/shiny/39.png","back_shiny_female":null,"front_default":"https://raw.githubusercontent.com/PokeAPI/sprites/master/sprites/pokemon/39.png","front_female":null,"front_shiny":"https://raw.githubusercontent.com/PokeAPI/sprites/master/sprites/pokemon/shiny/39.png","front_shiny_female":null}', '1'),
('40', 'wigglytuff', '10', '120', '196', '{"back_default":"https://raw.githubusercontent.com/PokeAPI/sprites/master/sprites/pokemon/back/40.png","back_female":null,"back_shiny":"https://raw.githubusercontent.com/PokeAPI/sprites/master/sprites/pokemon/back/shiny/40.png","back_shiny_female":null,"front_default":"https://raw.githubusercontent.com/PokeAPI/sprites/master/sprites/pokemon/40.png","front_female":null,"front_shiny":"https://raw.githubusercontent.com/PokeAPI/sprites/master/sprites/pokemon/shiny/40.png","front_shiny_female":null}', '1'),
('41', 'zubat', '8', '75', '49', '{"back_default":"https://raw.githubusercontent.com/PokeAPI/sprites/master/sprites/pokemon/back/41.png","back_female":"https://raw.githubusercontent.com/PokeAPI/sprites/master/sprites/pokemon/back/female/41.png","back_shiny":"https://raw.githubusercontent.com/PokeAPI/sprites/master/sprites/pokemon/back/shiny/41.png","back_shiny_female":"https://raw.githubusercontent.com/PokeAPI/sprites/master/sprites/pokemon/back/shiny/female/41.png","front_default":"https://raw.githubusercontent.com/PokeAPI/sprites/master/sprites/pokemon/41.png","front_female":"https://raw.githubusercontent.com/PokeAPI/sprites/master/sprites/pokemon/female/41.png","front_shiny":"https://raw.githubusercontent.com/PokeAPI/sprites/master/sprites/pokemon/shiny/41.png","front_shiny_female":"https://raw.githubusercontent.com/PokeAPI/sprites/master/sprites/pokemon/shiny/female/41.png"}', '1'),
('42', 'golbat', '16', '550', '159', '{"back_default":"https://raw.githubusercontent.com/PokeAPI/sprites/master/sprites/pokemon/back/42.png","back_female":null,"back_shiny":"https://raw.githubusercontent.com/PokeAPI/sprites/master/sprites/pokemon/back/shiny/42.png","back_shiny_female":null,"front_default":"https://raw.githubusercontent.com/PokeAPI/sprites/master/sprites/pokemon/42.png","front_female":"https://raw.githubusercontent.com/PokeAPI/sprites/master/sprites/pokemon/female/42.png","front_shiny":"https://raw.githubusercontent.com/PokeAPI/sprites/master/sprites/pokemon/shiny/42.png","front_shiny_female":"https://raw.githubusercontent.com/PokeAPI/sprites/master/sprites/pokemon/shiny/female/42.png"}', '1'),
('43', 'oddish', '5', '54', '64', '{"back_default":"https://raw.githubusercontent.com/PokeAPI/sprites/master/sprites/pokemon/back/43.png","back_female":null,"back_shiny":"https://raw.githubusercontent.com/PokeAPI/sprites/master/sprites/pokemon/back/shiny/43.png","back_shiny_female":null,"front_default":"https://raw.githubusercontent.com/PokeAPI/sprites/master/sprites/pokemon/43.png","front_female":null,"front_shiny":"https://raw.githubusercontent.com/PokeAPI/sprites/master/sprites/pokemon/shiny/43.png","front_shiny_female":null}', '1'),
('44', 'gloom', '8', '86', '138', '{"back_default":"https://raw.githubusercontent.com/PokeAPI/sprites/master/sprites/pokemon/back/44.png","back_female":"https://raw.githubusercontent.com/PokeAPI/sprites/master/sprites/pokemon/back/female/44.png","back_shiny":"https://raw.githubusercontent.com/PokeAPI/sprites/master/sprites/pokemon/back/shiny/44.png","back_shiny_female":"https://raw.githubusercontent.com/PokeAPI/sprites/master/sprites/pokemon/back/shiny/female/44.png","front_default":"https://raw.githubusercontent.com/PokeAPI/sprites/master/sprites/pokemon/44.png","front_female":"https://raw.githubusercontent.com/PokeAPI/sprites/master/sprites/pokemon/female/44.png","front_shiny":"https://raw.githubusercontent.com/PokeAPI/sprites/master/sprites/pokemon/shiny/44.png","front_shiny_female":"https://raw.githubusercontent.com/PokeAPI/sprites/master/sprites/pokemon/shiny/female/44.png"}', '1'),
('45', 'vileplume', '12', '186', '221', '{"back_default":"https://raw.githubusercontent.com/PokeAPI/sprites/master/sprites/pokemon/back/45.png","back_female":"https://raw.githubusercontent.com/PokeAPI/sprites/master/sprites/pokemon/back/female/45.png","back_shiny":"https://raw.githubusercontent.com/PokeAPI/sprites/master/sprites/pokemon/back/shiny/45.png","back_shiny_female":"https://raw.githubusercontent.com/PokeAPI/sprites/master/sprites/pokemon/back/shiny/female/45.png","front_default":"https://raw.githubusercontent.com/PokeAPI/sprites/master/sprites/pokemon/45.png","front_female":"https://raw.githubusercontent.com/PokeAPI/sprites/master/sprites/pokemon/female/45.png","front_shiny":"https://raw.githubusercontent.com/PokeAPI/sprites/master/sprites/pokemon/shiny/45.png","front_shiny_female":"https://raw.githubusercontent.com/PokeAPI/sprites/master/sprites/pokemon/shiny/female/45.png"}', '1'),
('46', 'paras', '3', '54', '57', '{"back_default":"https://raw.githubusercontent.com/PokeAPI/sprites/master/sprites/pokemon/back/46.png","back_female":null,"back_shiny":"https://raw.githubusercontent.com/PokeAPI/sprites/master/sprites/pokemon/back/shiny/46.png","back_shiny_female":null,"front_default":"https://raw.githubusercontent.com/PokeAPI/sprites/master/sprites/pokemon/46.png","front_female":null,"front_shiny":"https://raw.githubusercontent.com/PokeAPI/sprites/master/sprites/pokemon/shiny/46.png","front_shiny_female":null}', '1'),
('47', 'parasect', '10', '295', '142', '{"back_default":"https://raw.githubusercontent.com/PokeAPI/sprites/master/sprites/pokemon/back/47.png","back_female":null,"back_shiny":"https://raw.githubusercontent.com/PokeAPI/sprites/master/sprites/pokemon/back/shiny/47.png","back_shiny_female":null,"front_default":"https://raw.githubusercontent.com/PokeAPI/sprites/master/sprites/pokemon/47.png","front_female":null,"front_shiny":"https://raw.githubusercontent.com/PokeAPI/sprites/master/sprites/pokemon/shiny/47.png","front_shiny_female":null}', '1'),
('48', 'venonat', '10', '300', '61', '{"back_default":"https://raw.githubusercontent.com/PokeAPI/sprites/master/sprites/pokemon/back/48.png","back_female":null,"back_shiny":"https://raw.githubusercontent.com/PokeAPI/sprites/master/sprites/pokemon/back/shiny/48.png","back_shiny_female":null,"front_default":"https://raw.githubusercontent.com/PokeAPI/sprites/master/sprites/pokemon/48.png","front_female":null,"front_shiny":"https://raw.githubusercontent.com/PokeAPI/sprites/master/sprites/pokemon/shiny/48.png","front_shiny_female":null}', '1'),
('49', 'venomoth', '15', '125', '158', '{"back_default":"https://raw.githubusercontent.com/PokeAPI/sprites/master/sprites/pokemon/back/49.png","back_female":null,"back_shiny":"https://raw.githubusercontent.com/PokeAPI/sprites/master/sprites/pokemon/back/shiny/49.png","back_shiny_female":null,"front_default":"https://raw.githubusercontent.com/PokeAPI/sprites/master/sprites/pokemon/49.png","front_female":null,"front_shiny":"https://raw.githubusercontent.com/PokeAPI/sprites/master/sprites/pokemon/shiny/49.png","front_shiny_female":null}', '1'),
('50', 'diglett', '2', '8', '53', '{"back_default":"https://raw.githubusercontent.com/PokeAPI/sprites/master/sprites/pokemon/back/50.png","back_female":null,"back_shiny":"https://raw.githubusercontent.com/PokeAPI/sprites/master/sprites/pokemon/back/shiny/50.png","back_shiny_female":null,"front_default":"https://raw.githubusercontent.com/PokeAPI/sprites/master/sprites/pokemon/50.png","front_female":null,"front_shiny":"https://raw.githubusercontent.com/PokeAPI/sprites/master/sprites/pokemon/shiny/50.png","front_shiny_female":null}', '1'),
('51', 'dugtrio', '7', '333', '149', '{"back_default":"https://raw.githubusercontent.com/PokeAPI/sprites/master/sprites/pokemon/back/51.png","back_female":null,"back_shiny":"https://raw.githubusercontent.com/PokeAPI/sprites/master/sprites/pokemon/back/shiny/51.png","back_shiny_female":null,"front_default":"https://raw.githubusercontent.com/PokeAPI/sprites/master/sprites/pokemon/51.png","front_female":null,"front_shiny":"https://raw.githubusercontent.com/PokeAPI/sprites/master/sprites/pokemon/shiny/51.png","front_shiny_female":null}', '1'),
('52', 'meowth', '4', '42', '58', '{"back_default":"https://raw.githubusercontent.com/PokeAPI/sprites/master/sprites/pokemon/back/52.png","back_female":null,"back_shiny":"https://raw.githubusercontent.com/PokeAPI/sprites/master/sprites/pokemon/back/shiny/52.png","back_shiny_female":null,"front_default":"https://raw.githubusercontent.com/PokeAPI/sprites/master/sprites/pokemon/52.png","front_female":null,"front_shiny":"https://raw.githubusercontent.com/PokeAPI/sprites/master/sprites/pokemon/shiny/52.png","front_shiny_female":null}', '1'),
('53', 'persian', '10', '320', '154', '{"back_default":"https://raw.githubusercontent.com/PokeAPI/sprites/master/sprites/pokemon/back/53.png","back_female":null,"back_shiny":"https://raw.githubusercontent.com/PokeAPI/sprites/master/sprites/pokemon/back/shiny/53.png","back_shiny_female":null,"front_default":"https://raw.githubusercontent.com/PokeAPI/sprites/master/sprites/pokemon/53.png","front_female":null,"front_shiny":"https://raw.githubusercontent.com/PokeAPI/sprites/master/sprites/pokemon/shiny/53.png","front_shiny_female":null}', '1'),
('54', 'psyduck', '8', '196', '64', '{"back_default":"https://raw.githubusercontent.com/PokeAPI/sprites/master/sprites/pokemon/back/54.png","back_female":null,"back_shiny":"https://raw.githubusercontent.com/PokeAPI/sprites/master/sprites/pokemon/back/shiny/54.png","back_shiny_female":null,"front_default":"https://raw.githubusercontent.com/PokeAPI/sprites/master/sprites/pokemon/54.png","front_female":null,"front_shiny":"https://raw.githubusercontent.com/PokeAPI/sprites/master/sprites/pokemon/shiny/54.png","front_shiny_female":null}', '1'),
('55', 'golduck', '17', '766', '175', '{"back_default":"https://raw.githubusercontent.com/PokeAPI/sprites/master/sprites/pokemon/back/55.png","back_female":null,"back_shiny":"https://raw.githubusercontent.com/PokeAPI/sprites/master/sprites/pokemon/back/shiny/55.png","back_shiny_female":null,"front_default":"https://raw.githubusercontent.com/PokeAPI/sprites/master/sprites/pokemon/55.png","front_female":null,"front_shiny":"https://raw.githubusercontent.com/PokeAPI/sprites/master/sprites/pokemon/shiny/55.png","front_shiny_female":null}', '1'),
('56', 'mankey', '5', '280', '61', '{"back_default":"https://raw.githubusercontent.com/PokeAPI/sprites/master/sprites/pokemon/back/56.png","back_female":null,"back_shiny":"https://raw.githubusercontent.com/PokeAPI/sprites/master/sprites/pokemon/back/shiny/56.png","back_shiny_female":null,"front_default":"https://raw.githubusercontent.com/PokeAPI/sprites/master/sprites/pokemon/56.png","front_female":null,"front_shiny":"https://raw.githubusercontent.com/PokeAPI/sprites/master/sprites/pokemon/shiny/56.png","front_shiny_female":null}', '1'),
('57', 'primeape', '10', '320', '159', '{"back_default":"https://raw.githubusercontent.com/PokeAPI/sprites/master/sprites/pokemon/back/57.png","back_female":null,"back_shiny":"https://raw.githubusercontent.com/PokeAPI/sprites/master/sprites/pokemon/back/shiny/57.png","back_shiny_female":null,"front_default":"https://raw.githubusercontent.com/PokeAPI/sprites/master/sprites/pokemon/57.png","front_female":null,"front_shiny":"https://raw.githubusercontent.com/PokeAPI/sprites/master/sprites/pokemon/shiny/57.png","front_shiny_female":null}', '1'),
('58', 'growlithe', '7', '190', '70', '{"back_default":"https://raw.githubusercontent.com/PokeAPI/sprites/master/sprites/pokemon/back/58.png","back_female":null,"back_shiny":"https://raw.githubusercontent.com/PokeAPI/sprites/master/sprites/pokemon/back/shiny/58.png","back_shiny_female":null,"front_default":"https://raw.githubusercontent.com/PokeAPI/sprites/master/sprites/pokemon/58.png","front_female":null,"front_shiny":"https://raw.githubusercontent.com/PokeAPI/sprites/master/sprites/pokemon/shiny/58.png","front_shiny_female":null}', '1'),
('59', 'arcanine', '19', '1550', '194', '{"back_default":"https://raw.githubusercontent.com/PokeAPI/sprites/master/sprites/pokemon/back/59.png","back_female":null,"back_shiny":"https://raw.githubusercontent.com/PokeAPI/sprites/master/sprites/pokemon/back/shiny/59.png","back_shiny_female":null,"front_default":"https://raw.githubusercontent.com/PokeAPI/sprites/master/sprites/pokemon/59.png","front_female":null,"front_shiny":"https://raw.githubusercontent.com/PokeAPI/sprites/master/sprites/pokemon/shiny/59.png","front_shiny_female":null}', '1'),
('60', 'poliwag', '6', '124', '60', '{"back_default":"https://raw.githubusercontent.com/PokeAPI/sprites/master/sprites/pokemon/back/60.png","back_female":null,"back_shiny":"https://raw.githubusercontent.com/PokeAPI/sprites/master/sprites/pokemon/back/shiny/60.png","back_shiny_female":null,"front_default":"https://raw.githubusercontent.com/PokeAPI/sprites/master/sprites/pokemon/60.png","front_female":null,"front_shiny":"https://raw.githubusercontent.com/PokeAPI/sprites/master/sprites/pokemon/shiny/60.png","front_shiny_female":null}', '1'),
('61', 'poliwhirl', '10', '200', '135', '{"back_default":"https://raw.githubusercontent.com/PokeAPI/sprites/master/sprites/pokemon/back/61.png","back_female":null,"back_shiny":"https://raw.githubusercontent.com/PokeAPI/sprites/master/sprites/pokemon/back/shiny/61.png","back_shiny_female":null,"front_default":"https://raw.githubusercontent.com/PokeAPI/sprites/master/sprites/pokemon/61.png","front_female":null,"front_shiny":"https://raw.githubusercontent.com/PokeAPI/sprites/master/sprites/pokemon/shiny/61.png","front_shiny_female":null}', '1'),
('62', 'poliwrath', '13', '540', '230', '{"back_default":"https://raw.githubusercontent.com/PokeAPI/sprites/master/sprites/pokemon/back/62.png","back_female":null,"back_shiny":"https://raw.githubusercontent.com/PokeAPI/sprites/master/sprites/pokemon/back/shiny/62.png","back_shiny_female":null,"front_default":"https://raw.githubusercontent.com/PokeAPI/sprites/master/sprites/pokemon/62.png","front_female":null,"front_shiny":"https://raw.githubusercontent.com/PokeAPI/sprites/master/sprites/pokemon/shiny/62.png","front_shiny_female":null}', '1'),
('63', 'abra', '9', '195', '62', '{"back_default":"https://raw.githubusercontent.com/PokeAPI/sprites/master/sprites/pokemon/back/63.png","back_female":null,"back_shiny":"https://raw.githubusercontent.com/PokeAPI/sprites/master/sprites/pokemon/back/shiny/63.png","back_shiny_female":null,"front_default":"https://raw.githubusercontent.com/PokeAPI/sprites/master/sprites/pokemon/63.png","front_female":null,"front_shiny":"https://raw.githubusercontent.com/PokeAPI/sprites/master/sprites/pokemon/shiny/63.png","front_shiny_female":null}', '1'),
('64', 'kadabra', '13', '565', '140', '{"back_default":"https://raw.githubusercontent.com/PokeAPI/sprites/master/sprites/pokemon/back/64.png","back_female":"https://raw.githubusercontent.com/PokeAPI/sprites/master/sprites/pokemon/back/female/64.png","back_shiny":"https://raw.githubusercontent.com/PokeAPI/sprites/master/sprites/pokemon/back/shiny/64.png","back_shiny_female":"https://raw.githubusercontent.com/PokeAPI/sprites/master/sprites/pokemon/back/shiny/female/64.png","front_default":"https://raw.githubusercontent.com/PokeAPI/sprites/master/sprites/pokemon/64.png","front_female":"https://raw.githubusercontent.com/PokeAPI/sprites/master/sprites/pokemon/female/64.png","front_shiny":"https://raw.githubusercontent.com/PokeAPI/sprites/master/sprites/pokemon/shiny/64.png","front_shiny_female":"https://raw.githubusercontent.com/PokeAPI/sprites/master/sprites/pokemon/shiny/female/64.png"}', '1'),
('65', 'alakazam', '15', '480', '225', '{"back_default":"https://raw.githubusercontent.com/PokeAPI/sprites/master/sprites/pokemon/back/65.png","back_female":"https://raw.githubusercontent.com/PokeAPI/sprites/master/sprites/pokemon/back/female/65.png","back_shiny":"https://raw.githubusercontent.com/PokeAPI/sprites/master/sprites/pokemon/back/shiny/65.png","back_shiny_female":"https://raw.githubusercontent.com/PokeAPI/sprites/master/sprites/pokemon/back/shiny/female/65.png","front_default":"https://raw.githubusercontent.com/PokeAPI/sprites/master/sprites/pokemon/65.png","front_female":"https://raw.githubusercontent.com/PokeAPI/sprites/master/sprites/pokemon/female/65.png","front_shiny":"https://raw.githubusercontent.com/PokeAPI/sprites/master/sprites/pokemon/shiny/65.png","front_shiny_female":"https://raw.githubusercontent.com/PokeAPI/sprites/master/sprites/pokemon/shiny/female/65.png"}', '1'),
('66', 'machop', '8', '195', '61', '{"back_default":"https://raw.githubusercontent.com/PokeAPI/sprites/master/sprites/pokemon/back/66.png","back_female":null,"back_shiny":"https://raw.githubusercontent.com/PokeAPI/sprites/master/sprites/pokemon/back/shiny/66.png","back_shiny_female":null,"front_default":"https://raw.githubusercontent.com/PokeAPI/sprites/master/sprites/pokemon/66.png","front_female":null,"front_shiny":"https://raw.githubusercontent.com/PokeAPI/sprites/master/sprites/pokemon/shiny/66.png","front_shiny_female":null}', '1'),
('67', 'machoke', '15', '705', '142', '{"back_default":"https://raw.githubusercontent.com/PokeAPI/sprites/master/sprites/pokemon/back/67.png","back_female":null,"back_shiny":"https://raw.githubusercontent.com/PokeAPI/sprites/master/sprites/pokemon/back/shiny/67.png","back_shiny_female":null,"front_default":"https://raw.githubusercontent.com/PokeAPI/sprites/master/sprites/pokemon/67.png","front_female":null,"front_shiny":"https://raw.githubusercontent.com/PokeAPI/sprites/master/sprites/pokemon/shiny/67.png","front_shiny_female":null}', '1'),
('68', 'machamp', '16', '1300', '227', '{"back_default":"https://raw.githubusercontent.com/PokeAPI/sprites/master/sprites/pokemon/back/68.png","back_female":null,"back_shiny":"https://raw.githubusercontent.com/PokeAPI/sprites/master/sprites/pokemon/back/shiny/68.png","back_shiny_female":null,"front_default":"https://raw.githubusercontent.com/PokeAPI/sprites/master/sprites/pokemon/68.png","front_female":null,"front_shiny":"https://raw.githubusercontent.com/PokeAPI/sprites/master/sprites/pokemon/shiny/68.png","front_shiny_female":null}', '1'),
('69', 'bellsprout', '7', '40', '60', '{"back_default":"https://raw.githubusercontent.com/PokeAPI/sprites/master/sprites/pokemon/back/69.png","back_female":null,"back_shiny":"https://raw.githubusercontent.com/PokeAPI/sprites/master/sprites/pokemon/back/shiny/69.png","back_shiny_female":null,"front_default":"https://raw.githubusercontent.com/PokeAPI/sprites/master/sprites/pokemon/69.png","front_female":null,"front_shiny":"https://raw.githubusercontent.com/PokeAPI/sprites/master/sprites/pokemon/shiny/69.png","front_shiny_female":null}', '1'),
('70', 'weepinbell', '10', '64', '137', '{"back_default":"https://raw.githubusercontent.com/PokeAPI/sprites/master/sprites/pokemon/back/70.png","back_female":null,"back_shiny":"https://raw.githubusercontent.com/PokeAPI/sprites/master/sprites/pokemon/back/shiny/70.png","back_shiny_female":null,"front_default":"https://raw.githubusercontent.com/PokeAPI/sprites/master/sprites/pokemon/70.png","front_female":null,"front_shiny":"https://raw.githubusercontent.com/PokeAPI/sprites/master/sprites/pokemon/shiny/70.png","front_shiny_female":null}', '1'),
('71', 'victreebel', '17', '155', '221', '{"back_default":"https://raw.githubusercontent.com/PokeAPI/sprites/master/sprites/pokemon/back/71.png","back_female":null,"back_shiny":"https://raw.githubusercontent.com/PokeAPI/sprites/master/sprites/pokemon/back/shiny/71.png","back_shiny_female":null,"front_default":"https://raw.githubusercontent.com/PokeAPI/sprites/master/sprites/pokemon/71.png","front_female":null,"front_shiny":"https://raw.githubusercontent.com/PokeAPI/sprites/master/sprites/pokemon/shiny/71.png","front_shiny_female":null}', '1'),
('72', 'tentacool', '9', '455', '67', '{"back_default":"https://raw.githubusercontent.com/PokeAPI/sprites/master/sprites/pokemon/back/72.png","back_female":null,"back_shiny":"https://raw.githubusercontent.com/PokeAPI/sprites/master/sprites/pokemon/back/shiny/72.png","back_shiny_female":null,"front_default":"https://raw.githubusercontent.com/PokeAPI/sprites/master/sprites/pokemon/72.png","front_female":null,"front_shiny":"https://raw.githubusercontent.com/PokeAPI/sprites/master/sprites/pokemon/shiny/72.png","front_shiny_female":null}', '1'),
('73', 'tentacruel', '16', '550', '180', '{"back_default":"https://raw.githubusercontent.com/PokeAPI/sprites/master/sprites/pokemon/back/73.png","back_female":null,"back_shiny":"https://raw.githubusercontent.com/PokeAPI/sprites/master/sprites/pokemon/back/shiny/73.png","back_shiny_female":null,"front_default":"https://raw.githubusercontent.com/PokeAPI/sprites/master/sprites/pokemon/73.png","front_female":null,"front_shiny":"https://raw.githubusercontent.com/PokeAPI/sprites/master/sprites/pokemon/shiny/73.png","front_shiny_female":null}', '1'),
('74', 'geodude', '4', '200', '60', '{"back_default":"https://raw.githubusercontent.com/PokeAPI/sprites/master/sprites/pokemon/back/74.png","back_female":null,"back_shiny":"https://raw.githubusercontent.com/PokeAPI/sprites/master/sprites/pokemon/back/shiny/74.png","back_shiny_female":null,"front_default":"https://raw.githubusercontent.com/PokeAPI/sprites/master/sprites/pokemon/74.png","front_female":null,"front_shiny":"https://raw.githubusercontent.com/PokeAPI/sprites/master/sprites/pokemon/shiny/74.png","front_shiny_female":null}', '1'),
('75', 'graveler', '10', '1050', '137', '{"back_default":"https://raw.githubusercontent.com/PokeAPI/sprites/master/sprites/pokemon/back/75.png","back_female":null,"back_shiny":"https://raw.githubusercontent.com/PokeAPI/sprites/master/sprites/pokemon/back/shiny/75.png","back_shiny_female":null,"front_default":"https://raw.githubusercontent.com/PokeAPI/sprites/master/sprites/pokemon/75.png","front_female":null,"front_shiny":"https://raw.githubusercontent.com/PokeAPI/sprites/master/sprites/pokemon/shiny/75.png","front_shiny_female":null}', '1'),
('76', 'golem', '14', '3000', '223', '{"back_default":"https://raw.githubusercontent.com/PokeAPI/sprites/master/sprites/pokemon/back/76.png","back_female":null,"back_shiny":"https://raw.githubusercontent.com/PokeAPI/sprites/master/sprites/pokemon/back/shiny/76.png","back_shiny_female":null,"front_default":"https://raw.githubusercontent.com/PokeAPI/sprites/master/sprites/pokemon/76.png","front_female":null,"front_shiny":"https://raw.githubusercontent.com/PokeAPI/sprites/master/sprites/pokemon/shiny/76.png","front_shiny_female":null}', '1'),
('77', 'ponyta', '10', '300', '82', '{"back_default":"https://raw.githubusercontent.com/PokeAPI/sprites/master/sprites/pokemon/back/77.png","back_female":null,"back_shiny":"https://raw.githubusercontent.com/PokeAPI/sprites/master/sprites/pokemon/back/shiny/77.png","back_shiny_female":null,"front_default":"https://raw.githubusercontent.com/PokeAPI/sprites/master/sprites/pokemon/77.png","front_female":null,"front_shiny":"https://raw.githubusercontent.com/PokeAPI/sprites/master/sprites/pokemon/shiny/77.png","front_shiny_female":null}', '1'),
('78', 'rapidash', '17', '950', '175', '{"back_default":"https://raw.githubusercontent.com/PokeAPI/sprites/master/sprites/pokemon/back/78.png","back_female":null,"back_shiny":"https://raw.githubusercontent.com/PokeAPI/sprites/master/sprites/pokemon/back/shiny/78.png","back_shiny_female":null,"front_default":"https://raw.githubusercontent.com/PokeAPI/sprites/master/sprites/pokemon/78.png","front_female":null,"front_shiny":"https://raw.githubusercontent.com/PokeAPI/sprites/master/sprites/pokemon/shiny/78.png","front_shiny_female":null}', '1'),
('79', 'slowpoke', '12', '360', '63', '{"back_default":"https://raw.githubusercontent.com/PokeAPI/sprites/master/sprites/pokemon/back/79.png","back_female":null,"back_shiny":"https://raw.githubusercontent.com/PokeAPI/sprites/master/sprites/pokemon/back/shiny/79.png","back_shiny_female":null,"front_default":"https://raw.githubusercontent.com/PokeAPI/sprites/master/sprites/pokemon/79.png","front_female":null,"front_shiny":"https://raw.githubusercontent.com/PokeAPI/sprites/master/sprites/pokemon/shiny/79.png","front_shiny_female":null}', '1'),
('80', 'slowbro', '16', '785', '172', '{"back_default":"https://raw.githubusercontent.com/PokeAPI/sprites/master/sprites/pokemon/back/80.png","back_female":null,"back_shiny":"https://raw.githubusercontent.com/PokeAPI/sprites/master/sprites/pokemon/back/shiny/80.png","back_shiny_female":null,"front_default":"https://raw.githubusercontent.com/PokeAPI/sprites/master/sprites/pokemon/80.png","front_female":null,"front_shiny":"https://raw.githubusercontent.com/PokeAPI/sprites/master/sprites/pokemon/shiny/80.png","front_shiny_female":null}', '1'),
('81', 'magnemite', '3', '60', '65', '{"back_default":"https://raw.githubusercontent.com/PokeAPI/sprites/master/sprites/pokemon/back/81.png","back_female":null,"back_shiny":"https://raw.githubusercontent.com/PokeAPI/sprites/master/sprites/pokemon/back/shiny/81.png","back_shiny_female":null,"front_default":"https://raw.githubusercontent.com/PokeAPI/sprites/master/sprites/pokemon/81.png","front_female":null,"front_shiny":"https://raw.githubusercontent.com/PokeAPI/sprites/master/sprites/pokemon/shiny/81.png","front_shiny_female":null}', '1'),
('82', 'magneton', '10', '600', '163', '{"back_default":"https://raw.githubusercontent.com/PokeAPI/sprites/master/sprites/pokemon/back/82.png","back_female":null,"back_shiny":"https://raw.githubusercontent.com/PokeAPI/sprites/master/sprites/pokemon/back/shiny/82.png","back_shiny_female":null,"front_default":"https://raw.githubusercontent.com/PokeAPI/sprites/master/sprites/pokemon/82.png","front_female":null,"front_shiny":"https://raw.githubusercontent.com/PokeAPI/sprites/master/sprites/pokemon/shiny/82.png","front_shiny_female":null}', '1'),
('83', 'farfetchd', '8', '150', '132', '{"back_default":"https://raw.githubusercontent.com/PokeAPI/sprites/master/sprites/pokemon/back/83.png","back_female":null,"back_shiny":"https://raw.githubusercontent.com/PokeAPI/sprites/master/sprites/pokemon/back/shiny/83.png","back_shiny_female":null,"front_default":"https://raw.githubusercontent.com/PokeAPI/sprites/master/sprites/pokemon/83.png","front_female":null,"front_shiny":"https://raw.githubusercontent.com/PokeAPI/sprites/master/sprites/pokemon/shiny/83.png","front_shiny_female":null}', '1'),
('84', 'doduo', '14', '392', '62', '{"back_default":"https://raw.githubusercontent.com/PokeAPI/sprites/master/sprites/pokemon/back/84.png","back_female":"https://raw.githubusercontent.com/PokeAPI/sprites/master/sprites/pokemon/back/female/84.png","back_shiny":"https://raw.githubusercontent.com/PokeAPI/sprites/master/sprites/pokemon/back/shiny/84.png","back_shiny_female":"https://raw.githubusercontent.com/PokeAPI/sprites/master/sprites/pokemon/back/shiny/female/84.png","front_default":"https://raw.githubusercontent.com/PokeAPI/sprites/master/sprites/pokemon/84.png","front_female":"https://raw.githubusercontent.com/PokeAPI/sprites/master/sprites/pokemon/female/84.png","front_shiny":"https://raw.githubusercontent.com/PokeAPI/sprites/master/sprites/pokemon/shiny/84.png","front_shiny_female":"https://raw.githubusercontent.com/PokeAPI/sprites/master/sprites/pokemon/shiny/female/84.png"}', '1'),
('85', 'dodrio', '18', '852', '165', '{"back_default":"https://raw.githubusercontent.com/PokeAPI/sprites/master/sprites/pokemon/back/85.png","back_female":"https://raw.githubusercontent.com/PokeAPI/sprites/master/sprites/pokemon/back/female/85.png","back_shiny":"https://raw.githubusercontent.com/PokeAPI/sprites/master/sprites/pokemon/back/shiny/85.png","back_shiny_female":"https://raw.githubusercontent.com/PokeAPI/sprites/master/sprites/pokemon/back/shiny/female/85.png","front_default":"https://raw.githubusercontent.com/PokeAPI/sprites/master/sprites/pokemon/85.png","front_female":"https://raw.githubusercontent.com/PokeAPI/sprites/master/sprites/pokemon/female/85.png","front_shiny":"https://raw.githubusercontent.com/PokeAPI/sprites/master/sprites/pokemon/shiny/85.png","front_shiny_female":"https://raw.githubusercontent.com/PokeAPI/sprites/master/sprites/pokemon/shiny/female/85.png"}', '1'),
('86', 'seel', '11', '900', '65', '{"back_default":"https://raw.githubusercontent.com/PokeAPI/sprites/master/sprites/pokemon/back/86.png","back_female":null,"back_shiny":"https://raw.githubusercontent.com/PokeAPI/sprites/master/sprites/pokemon/back/shiny/86.png","back_shiny_female":null,"front_default":"https://raw.githubusercontent.com/PokeAPI/sprites/master/sprites/pokemon/86.png","front_female":null,"front_shiny":"https://raw.githubusercontent.com/PokeAPI/sprites/master/sprites/pokemon/shiny/86.png","front_shiny_female":null}', '1'),
('87', 'dewgong', '17', '1200', '166', '{"back_default":"https://raw.githubusercontent.com/PokeAPI/sprites/master/sprites/pokemon/back/87.png","back_female":null,"back_shiny":"https://raw.githubusercontent.com/PokeAPI/sprites/master/sprites/pokemon/back/shiny/87.png","back_shiny_female":null,"front_default":"https://raw.githubusercontent.com/PokeAPI/sprites/master/sprites/pokemon/87.png","front_female":null,"front_shiny":"https://raw.githubusercontent.com/PokeAPI/sprites/master/sprites/pokemon/shiny/87.png","front_shiny_female":null}', '1'),
('88', 'grimer', '9', '300', '65', '{"back_default":"https://raw.githubusercontent.com/PokeAPI/sprites/master/sprites/pokemon/back/88.png","back_female":null,"back_shiny":"https://raw.githubusercontent.com/PokeAPI/sprites/master/sprites/pokemon/back/shiny/88.png","back_shiny_female":null,"front_default":"https://raw.githubusercontent.com/PokeAPI/sprites/master/sprites/pokemon/88.png","front_female":null,"front_shiny":"https://raw.githubusercontent.com/PokeAPI/sprites/master/sprites/pokemon/shiny/88.png","front_shiny_female":null}', '1'),
('89', 'muk', '12', '300', '175', '{"back_default":"https://raw.githubusercontent.com/PokeAPI/sprites/master/sprites/pokemon/back/89.png","back_female":null,"back_shiny":"https://raw.githubusercontent.com/PokeAPI/sprites/master/sprites/pokemon/back/shiny/89.png","back_shiny_female":null,"front_default":"https://raw.githubusercontent.com/PokeAPI/sprites/master/sprites/pokemon/89.png","front_female":null,"front_shiny":"https://raw.githubusercontent.com/PokeAPI/sprites/master/sprites/pokemon/shiny/89.png","front_shiny_female":null}', '1'),
('90', 'shellder', '3', '40', '61', '{"back_default":"https://raw.githubusercontent.com/PokeAPI/sprites/master/sprites/pokemon/back/90.png","back_female":null,"back_shiny":"https://raw.githubusercontent.com/PokeAPI/sprites/master/sprites/pokemon/back/shiny/90.png","back_shiny_female":null,"front_default":"https://raw.githubusercontent.com/PokeAPI/sprites/master/sprites/pokemon/90.png","front_female":null,"front_shiny":"https://raw.githubusercontent.com/PokeAPI/sprites/master/sprites/pokemon/shiny/90.png","front_shiny_female":null}', '1'),
('91', 'cloyster', '15', '1325', '184', '{"back_default":"https://raw.githubusercontent.com/PokeAPI/sprites/master/sprites/pokemon/back/91.png","back_female":null,"back_shiny":"https://raw.githubusercontent.com/PokeAPI/sprites/master/sprites/pokemon/back/shiny/91.png","back_shiny_female":null,"front_default":"https://raw.githubusercontent.com/PokeAPI/sprites/master/sprites/pokemon/91.png","front_female":null,"front_shiny":"https://raw.githubusercontent.com/PokeAPI/sprites/master/sprites/pokemon/shiny/91.png","front_shiny_female":null}', '1'),
('92', 'gastly', '13', '1', '62', '{"back_default":"https://raw.githubusercontent.com/PokeAPI/sprites/master/sprites/pokemon/back/92.png","back_female":null,"back_shiny":"https://raw.githubusercontent.com/PokeAPI/sprites/master/sprites/pokemon/back/shiny/92.png","back_shiny_female":null,"front_default":"https://raw.githubusercontent.com/PokeAPI/sprites/master/sprites/pokemon/92.png","front_female":null,"front_shiny":"https://raw.githubusercontent.com/PokeAPI/sprites/master/sprites/pokemon/shiny/92.png","front_shiny_female":null}', '1'),
('93', 'haunter', '16', '1', '142', '{"back_default":"https://raw.githubusercontent.com/PokeAPI/sprites/master/sprites/pokemon/back/93.png","back_female":null,"back_shiny":"https://raw.githubusercontent.com/PokeAPI/sprites/master/sprites/pokemon/back/shiny/93.png","back_shiny_female":null,"front_default":"https://raw.githubusercontent.com/PokeAPI/sprites/master/sprites/pokemon/93.png","front_female":null,"front_shiny":"https://raw.githubusercontent.com/PokeAPI/sprites/master/sprites/pokemon/shiny/93.png","front_shiny_female":null}', '1'),
('94', 'gengar', '15', '405', '225', '{"back_default":"https://raw.githubusercontent.com/PokeAPI/sprites/master/sprites/pokemon/back/94.png","back_female":null,"back_shiny":"https://raw.githubusercontent.com/PokeAPI/sprites/master/sprites/pokemon/back/shiny/94.png","back_shiny_female":null,"front_default":"https://raw.githubusercontent.com/PokeAPI/sprites/master/sprites/pokemon/94.png","front_female":null,"front_shiny":"https://raw.githubusercontent.com/PokeAPI/sprites/master/sprites/pokemon/shiny/94.png","front_shiny_female":null}', '1'),
('95', 'onix', '88', '2100', '77', '{"back_default":"https://raw.githubusercontent.com/PokeAPI/sprites/master/sprites/pokemon/back/95.png","back_female":null,"back_shiny":"https://raw.githubusercontent.com/PokeAPI/sprites/master/sprites/pokemon/back/shiny/95.png","back_shiny_female":null,"front_default":"https://raw.githubusercontent.com/PokeAPI/sprites/master/sprites/pokemon/95.png","front_female":null,"front_shiny":"https://raw.githubusercontent.com/PokeAPI/sprites/master/sprites/pokemon/shiny/95.png","front_shiny_female":null}', '1'),
('96', 'drowzee', '10', '324', '66', '{"back_default":"https://raw.githubusercontent.com/PokeAPI/sprites/master/sprites/pokemon/back/96.png","back_female":null,"back_shiny":"https://raw.githubusercontent.com/PokeAPI/sprites/master/sprites/pokemon/back/shiny/96.png","back_shiny_female":null,"front_default":"https://raw.githubusercontent.com/PokeAPI/sprites/master/sprites/pokemon/96.png","front_female":null,"front_shiny":"https://raw.githubusercontent.com/PokeAPI/sprites/master/sprites/pokemon/shiny/96.png","front_shiny_female":null}', '1'),
('97', 'hypno', '16', '756', '169', '{"back_default":"https://raw.githubusercontent.com/PokeAPI/sprites/master/sprites/pokemon/back/97.png","back_female":"https://raw.githubusercontent.com/PokeAPI/sprites/master/sprites/pokemon/back/female/97.png","back_shiny":"https://raw.githubusercontent.com/PokeAPI/sprites/master/sprites/pokemon/back/shiny/97.png","back_shiny_female":"https://raw.githubusercontent.com/PokeAPI/sprites/master/sprites/pokemon/back/shiny/female/97.png","front_default":"https://raw.githubusercontent.com/PokeAPI/sprites/master/sprites/pokemon/97.png","front_female":"https://raw.githubusercontent.com/PokeAPI/sprites/master/sprites/pokemon/female/97.png","front_shiny":"https://raw.githubusercontent.com/PokeAPI/sprites/master/sprites/pokemon/shiny/97.png","front_shiny_female":"https://raw.githubusercontent.com/PokeAPI/sprites/master/sprites/pokemon/shiny/female/97.png"}', '1'),
('98', 'krabby', '4', '65', '65', '{"back_default":"https://raw.githubusercontent.com/PokeAPI/sprites/master/sprites/pokemon/back/98.png","back_female":null,"back_shiny":"https://raw.githubusercontent.com/PokeAPI/sprites/master/sprites/pokemon/back/shiny/98.png","back_shiny_female":null,"front_default":"https://raw.githubusercontent.com/PokeAPI/sprites/master/sprites/pokemon/98.png","front_female":null,"front_shiny":"https://raw.githubusercontent.com/PokeAPI/sprites/master/sprites/pokemon/shiny/98.png","front_shiny_female":null}', '1'),
('99', 'kingler', '13', '600', '166', '{"back_default":"https://raw.githubusercontent.com/PokeAPI/sprites/master/sprites/pokemon/back/99.png","back_female":null,"back_shiny":"https://raw.githubusercontent.com/PokeAPI/sprites/master/sprites/pokemon/back/shiny/99.png","back_shiny_female":null,"front_default":"https://raw.githubusercontent.com/PokeAPI/sprites/master/sprites/pokemon/99.png","front_female":null,"front_shiny":"https://raw.githubusercontent.com/PokeAPI/sprites/master/sprites/pokemon/shiny/99.png","front_shiny_female":null}', '1'),
('100', 'voltorb', '5', '104', '66', '{"back_default":"https://raw.githubusercontent.com/PokeAPI/sprites/master/sprites/pokemon/back/100.png","back_female":null,"back_shiny":"https://raw.githubusercontent.com/PokeAPI/sprites/master/sprites/pokemon/back/shiny/100.png","back_shiny_female":null,"front_default":"https://raw.githubusercontent.com/PokeAPI/sprites/master/sprites/pokemon/100.png","front_female":null,"front_shiny":"https://raw.githubusercontent.com/PokeAPI/sprites/master/sprites/pokemon/shiny/100.png","front_shiny_female":null}', '1'),
('101', 'electrode', '12', '666', '172', '{"back_default":"https://raw.githubusercontent.com/PokeAPI/sprites/master/sprites/pokemon/back/101.png","back_female":null,"back_shiny":"https://raw.githubusercontent.com/PokeAPI/sprites/master/sprites/pokemon/back/shiny/101.png","back_shiny_female":null,"front_default":"https://raw.githubusercontent.com/PokeAPI/sprites/master/sprites/pokemon/101.png","front_female":null,"front_shiny":"https://raw.githubusercontent.com/PokeAPI/sprites/master/sprites/pokemon/shiny/101.png","front_shiny_female":null}', '1'),
('102', 'exeggcute', '4', '25', '65', '{"back_default":"https://raw.githubusercontent.com/PokeAPI/sprites/master/sprites/pokemon/back/102.png","back_female":null,"back_shiny":"https://raw.githubusercontent.com/PokeAPI/sprites/master/sprites/pokemon/back/shiny/102.png","back_shiny_female":null,"front_default":"https://raw.githubusercontent.com/PokeAPI/sprites/master/sprites/pokemon/102.png","front_female":null,"front_shiny":"https://raw.githubusercontent.com/PokeAPI/sprites/master/sprites/pokemon/shiny/102.png","front_shiny_female":null}', '1'),
('103', 'exeggutor', '20', '1200', '186', '{"back_default":"https://raw.githubusercontent.com/PokeAPI/sprites/master/sprites/pokemon/back/103.png","back_female":null,"back_shiny":"https://raw.githubusercontent.com/PokeAPI/sprites/master/sprites/pokemon/back/shiny/103.png","back_shiny_female":null,"front_default":"https://raw.githubusercontent.com/PokeAPI/sprites/master/sprites/pokemon/103.png","front_female":null,"front_shiny":"https://raw.githubusercontent.com/PokeAPI/sprites/master/sprites/pokemon/shiny/103.png","front_shiny_female":null}', '1'),
('104', 'cubone', '4', '65', '64', '{"back_default":"https://raw.githubusercontent.com/PokeAPI/sprites/master/sprites/pokemon/back/104.png","back_female":null,"back_shiny":"https://raw.githubusercontent.com/PokeAPI/sprites/master/sprites/pokemon/back/shiny/104.png","back_shiny_female":null,"front_default":"https://raw.githubusercontent.com/PokeAPI/sprites/master/sprites/pokemon/104.png","front_female":null,"front_shiny":"https://raw.githubusercontent.com/PokeAPI/sprites/master/sprites/pokemon/shiny/104.png","front_shiny_female":null}', '1'),
('105', 'marowak', '10', '450', '149', '{"back_default":"https://raw.githubusercontent.com/PokeAPI/sprites/master/sprites/pokemon/back/105.png","back_female":null,"back_shiny":"https://raw.githubusercontent.com/PokeAPI/sprites/master/sprites/pokemon/back/shiny/105.png","back_shiny_female":null,"front_default":"https://raw.githubusercontent.com/PokeAPI/sprites/master/sprites/pokemon/105.png","front_female":null,"front_shiny":"https://raw.githubusercontent.com/PokeAPI/sprites/master/sprites/pokemon/shiny/105.png","front_shiny_female":null}', '1'),
('106', 'hitmonlee', '15', '498', '159', '{"back_default":"https://raw.githubusercontent.com/PokeAPI/sprites/master/sprites/pokemon/back/106.png","back_female":null,"back_shiny":"https://raw.githubusercontent.com/PokeAPI/sprites/master/sprites/pokemon/back/shiny/106.png","back_shiny_female":null,"front_default":"https://raw.githubusercontent.com/PokeAPI/sprites/master/sprites/pokemon/106.png","front_female":null,"front_shiny":"https://raw.githubusercontent.com/PokeAPI/sprites/master/sprites/pokemon/shiny/106.png","front_shiny_female":null}', '1'),
('107', 'hitmonchan', '14', '502', '159', '{"back_default":"https://raw.githubusercontent.com/PokeAPI/sprites/master/sprites/pokemon/back/107.png","back_female":null,"back_shiny":"https://raw.githubusercontent.com/PokeAPI/sprites/master/sprites/pokemon/back/shiny/107.png","back_shiny_female":null,"front_default":"https://raw.githubusercontent.com/PokeAPI/sprites/master/sprites/pokemon/107.png","front_female":null,"front_shiny":"https://raw.githubusercontent.com/PokeAPI/sprites/master/sprites/pokemon/shiny/107.png","front_shiny_female":null}', '1'),
('108', 'lickitung', '12', '655', '77', '{"back_default":"https://raw.githubusercontent.com/PokeAPI/sprites/master/sprites/pokemon/back/108.png","back_female":null,"back_shiny":"https://raw.githubusercontent.com/PokeAPI/sprites/master/sprites/pokemon/back/shiny/108.png","back_shiny_female":null,"front_default":"https://raw.githubusercontent.com/PokeAPI/sprites/master/sprites/pokemon/108.png","front_female":null,"front_shiny":"https://raw.githubusercontent.com/PokeAPI/sprites/master/sprites/pokemon/shiny/108.png","front_shiny_female":null}', '1'),
('109', 'koffing', '6', '10', '68', '{"back_default":"https://raw.githubusercontent.com/PokeAPI/sprites/master/sprites/pokemon/back/109.png","back_female":null,"back_shiny":"https://raw.githubusercontent.com/PokeAPI/sprites/master/sprites/pokemon/back/shiny/109.png","back_shiny_female":null,"front_default":"https://raw.githubusercontent.com/PokeAPI/sprites/master/sprites/pokemon/109.png","front_female":null,"front_shiny":"https://raw.githubusercontent.com/PokeAPI/sprites/master/sprites/pokemon/shiny/109.png","front_shiny_female":null}', '1'),
('110', 'weezing', '12', '95', '172', '{"back_default":"https://raw.githubusercontent.com/PokeAPI/sprites/master/sprites/pokemon/back/110.png","back_female":null,"back_shiny":"https://raw.githubusercontent.com/PokeAPI/sprites/master/sprites/pokemon/back/shiny/110.png","back_shiny_female":null,"front_default":"https://raw.githubusercontent.com/PokeAPI/sprites/master/sprites/pokemon/110.png","front_female":null,"front_shiny":"https://raw.githubusercontent.com/PokeAPI/sprites/master/sprites/pokemon/shiny/110.png","front_shiny_female":null}', '1'),
('111', 'rhyhorn', '10', '1150', '69', '{"back_default":"https://raw.githubusercontent.com/PokeAPI/sprites/master/sprites/pokemon/back/111.png","back_female":"https://raw.githubusercontent.com/PokeAPI/sprites/master/sprites/pokemon/back/female/111.png","back_shiny":"https://raw.githubusercontent.com/PokeAPI/sprites/master/sprites/pokemon/back/shiny/111.png","back_shiny_female":"https://raw.githubusercontent.com/PokeAPI/sprites/master/sprites/pokemon/back/shiny/female/111.png","front_default":"https://raw.githubusercontent.com/PokeAPI/sprites/master/sprites/pokemon/111.png","front_female":"https://raw.githubusercontent.com/PokeAPI/sprites/master/sprites/pokemon/female/111.png","front_shiny":"https://raw.githubusercontent.com/PokeAPI/sprites/master/sprites/pokemon/shiny/111.png","front_shiny_female":"https://raw.githubusercontent.com/PokeAPI/sprites/master/sprites/pokemon/shiny/female/111.png"}', '1'),
('112', 'rhydon', '19', '1200', '170', '{"back_default":"https://raw.githubusercontent.com/PokeAPI/sprites/master/sprites/pokemon/back/112.png","back_female":"https://raw.githubusercontent.com/PokeAPI/sprites/master/sprites/pokemon/back/female/112.png","back_shiny":"https://raw.githubusercontent.com/PokeAPI/sprites/master/sprites/pokemon/back/shiny/112.png","back_shiny_female":"https://raw.githubusercontent.com/PokeAPI/sprites/master/sprites/pokemon/back/shiny/female/112.png","front_default":"https://raw.githubusercontent.com/PokeAPI/sprites/master/sprites/pokemon/112.png","front_female":"https://raw.githubusercontent.com/PokeAPI/sprites/master/sprites/pokemon/female/112.png","front_shiny":"https://raw.githubusercontent.com/PokeAPI/sprites/master/sprites/pokemon/shiny/112.png","front_shiny_female":"https://raw.githubusercontent.com/PokeAPI/sprites/master/sprites/pokemon/shiny/female/112.png"}', '1'),
('113', 'chansey', '11', '346', '395', '{"back_default":"https://raw.githubusercontent.com/PokeAPI/sprites/master/sprites/pokemon/back/113.png","back_female":null,"back_shiny":"https://raw.githubusercontent.com/PokeAPI/sprites/master/sprites/pokemon/back/shiny/113.png","back_shiny_female":null,"front_default":"https://raw.githubusercontent.com/PokeAPI/sprites/master/sprites/pokemon/113.png","front_female":null,"front_shiny":"https://raw.githubusercontent.com/PokeAPI/sprites/master/sprites/pokemon/shiny/113.png","front_shiny_female":null}', '1'),
('114', 'tangela', '10', '350', '87', '{"back_default":"https://raw.githubusercontent.com/PokeAPI/sprites/master/sprites/pokemon/back/114.png","back_female":null,"back_shiny":"https://raw.githubusercontent.com/PokeAPI/sprites/master/sprites/pokemon/back/shiny/114.png","back_shiny_female":null,"front_default":"https://raw.githubusercontent.com/PokeAPI/sprites/master/sprites/pokemon/114.png","front_female":null,"front_shiny":"https://raw.githubusercontent.com/PokeAPI/sprites/master/sprites/pokemon/shiny/114.png","front_shiny_female":null}', '1'),
('115', 'kangaskhan', '22', '800', '172', '{"back_default":"https://raw.githubusercontent.com/PokeAPI/sprites/master/sprites/pokemon/back/115.png","back_female":null,"back_shiny":"https://raw.githubusercontent.com/PokeAPI/sprites/master/sprites/pokemon/back/shiny/115.png","back_shiny_female":null,"front_default":"https://raw.githubusercontent.com/PokeAPI/sprites/master/sprites/pokemon/115.png","front_female":null,"front_shiny":"https://raw.githubusercontent.com/PokeAPI/sprites/master/sprites/pokemon/shiny/115.png","front_shiny_female":null}', '1'),
('116', 'horsea', '4', '80', '59', '{"back_default":"https://raw.githubusercontent.com/PokeAPI/sprites/master/sprites/pokemon/back/116.png","back_female":null,"back_shiny":"https://raw.githubusercontent.com/PokeAPI/sprites/master/sprites/pokemon/back/shiny/116.png","back_shiny_female":null,"front_default":"https://raw.githubusercontent.com/PokeAPI/sprites/master/sprites/pokemon/116.png","front_female":null,"front_shiny":"https://raw.githubusercontent.com/PokeAPI/sprites/master/sprites/pokemon/shiny/116.png","front_shiny_female":null}', '1'),
('117', 'seadra', '12', '250', '154', '{"back_default":"https://raw.githubusercontent.com/PokeAPI/sprites/master/sprites/pokemon/back/117.png","back_female":null,"back_shiny":"https://raw.githubusercontent.com/PokeAPI/sprites/master/sprites/pokemon/back/shiny/117.png","back_shiny_female":null,"front_default":"https://raw.githubusercontent.com/PokeAPI/sprites/master/sprites/pokemon/117.png","front_female":null,"front_shiny":"https://raw.githubusercontent.com/PokeAPI/sprites/master/sprites/pokemon/shiny/117.png","front_shiny_female":null}', '1'),
('118', 'goldeen', '6', '150', '64', '{"back_default":"https://raw.githubusercontent.com/PokeAPI/sprites/master/sprites/pokemon/back/118.png","back_female":"https://raw.githubusercontent.com/PokeAPI/sprites/master/sprites/pokemon/back/female/118.png","back_shiny":"https://raw.githubusercontent.com/PokeAPI/sprites/master/sprites/pokemon/back/shiny/118.png","back_shiny_female":"https://raw.githubusercontent.com/PokeAPI/sprites/master/sprites/pokemon/back/shiny/female/118.png","front_default":"https://raw.githubusercontent.com/PokeAPI/sprites/master/sprites/pokemon/118.png","front_female":"https://raw.githubusercontent.com/PokeAPI/sprites/master/sprites/pokemon/female/118.png","front_shiny":"https://raw.githubusercontent.com/PokeAPI/sprites/master/sprites/pokemon/shiny/118.png","front_shiny_female":"https://raw.githubusercontent.com/PokeAPI/sprites/master/sprites/pokemon/shiny/female/118.png"}', '1'),
('119', 'seaking', '13', '390', '158', '{"back_default":"https://raw.githubusercontent.com/PokeAPI/sprites/master/sprites/pokemon/back/119.png","back_female":"https://raw.githubusercontent.com/PokeAPI/sprites/master/sprites/pokemon/back/female/119.png","back_shiny":"https://raw.githubusercontent.com/PokeAPI/sprites/master/sprites/pokemon/back/shiny/119.png","back_shiny_female":"https://raw.githubusercontent.com/PokeAPI/sprites/master/sprites/pokemon/back/shiny/female/119.png","front_default":"https://raw.githubusercontent.com/PokeAPI/sprites/master/sprites/pokemon/119.png","front_female":"https://raw.githubusercontent.com/PokeAPI/sprites/master/sprites/pokemon/female/119.png","front_shiny":"https://raw.githubusercontent.com/PokeAPI/sprites/master/sprites/pokemon/shiny/119.png","front_shiny_female":"https://raw.githubusercontent.com/PokeAPI/sprites/master/sprites/pokemon/shiny/female/119.png"}', '1'),
('120', 'staryu', '8', '345', '68', '{"back_default":"https://raw.githubusercontent.com/PokeAPI/sprites/master/sprites/pokemon/back/120.png","back_female":null,"back_shiny":"https://raw.githubusercontent.com/PokeAPI/sprites/master/sprites/pokemon/back/shiny/120.png","back_shiny_female":null,"front_default":"https://raw.githubusercontent.com/PokeAPI/sprites/master/sprites/pokemon/120.png","front_female":null,"front_shiny":"https://raw.githubusercontent.com/PokeAPI/sprites/master/sprites/pokemon/shiny/120.png","front_shiny_female":null}', '1'),
('121', 'starmie', '11', '800', '182', '{"back_default":"https://raw.githubusercontent.com/PokeAPI/sprites/master/sprites/pokemon/back/121.png","back_female":null,"back_shiny":"https://raw.githubusercontent.com/PokeAPI/sprites/master/sprites/pokemon/back/shiny/121.png","back_shiny_female":null,"front_default":"https://raw.githubusercontent.com/PokeAPI/sprites/master/sprites/pokemon/121.png","front_female":null,"front_shiny":"https://raw.githubusercontent.com/PokeAPI/sprites/master/sprites/pokemon/shiny/121.png","front_shiny_female":null}', '1'),
('122', 'mr-mime', '13', '545', '161', '{"back_default":"https://raw.githubusercontent.com/PokeAPI/sprites/master/sprites/pokemon/back/122.png","back_female":null,"back_shiny":"https://raw.githubusercontent.com/PokeAPI/sprites/master/sprites/pokemon/back/shiny/122.png","back_shiny_female":null,"front_default":"https://raw.githubusercontent.com/PokeAPI/sprites/master/sprites/pokemon/122.png","front_female":null,"front_shiny":"https://raw.githubusercontent.com/PokeAPI/sprites/master/sprites/pokemon/shiny/122.png","front_shiny_female":null}', '1'),
('123', 'scyther', '15', '560', '100', '{"back_default":"https://raw.githubusercontent.com/PokeAPI/sprites/master/sprites/pokemon/back/123.png","back_female":"https://raw.githubusercontent.com/PokeAPI/sprites/master/sprites/pokemon/back/female/123.png","back_shiny":"https://raw.githubusercontent.com/PokeAPI/sprites/master/sprites/pokemon/back/shiny/123.png","back_shiny_female":"https://raw.githubusercontent.com/PokeAPI/sprites/master/sprites/pokemon/back/shiny/female/123.png","front_default":"https://raw.githubusercontent.com/PokeAPI/sprites/master/sprites/pokemon/123.png","front_female":"https://raw.githubusercontent.com/PokeAPI/sprites/master/sprites/pokemon/female/123.png","front_shiny":"https://raw.githubusercontent.com/PokeAPI/sprites/master/sprites/pokemon/shiny/123.png","front_shiny_female":"https://raw.githubusercontent.com/PokeAPI/sprites/master/sprites/pokemon/shiny/female/123.png"}', '1'),
('124', 'jynx', '14', '406', '159', '{"back_default":"https://raw.githubusercontent.com/PokeAPI/sprites/master/sprites/pokemon/back/124.png","back_female":null,"back_shiny":"https://raw.githubusercontent.com/PokeAPI/sprites/master/sprites/pokemon/back/shiny/124.png","back_shiny_female":null,"front_default":"https://raw.githubusercontent.com/PokeAPI/sprites/master/sprites/pokemon/124.png","front_female":null,"front_shiny":"https://raw.githubusercontent.com/PokeAPI/sprites/master/sprites/pokemon/shiny/124.png","front_shiny_female":null}', '1'),
('125', 'electabuzz', '11', '300', '172', '{"back_default":"https://raw.githubusercontent.com/PokeAPI/sprites/master/sprites/pokemon/back/125.png","back_female":null,"back_shiny":"https://raw.githubusercontent.com/PokeAPI/sprites/master/sprites/pokemon/back/shiny/125.png","back_shiny_female":null,"front_default":"https://raw.githubusercontent.com/PokeAPI/sprites/master/sprites/pokemon/125.png","front_female":null,"front_shiny":"https://raw.githubusercontent.com/PokeAPI/sprites/master/sprites/pokemon/shiny/125.png","front_shiny_female":null}', '1'),
('126', 'magmar', '13', '445', '173', '{"back_default":"https://raw.githubusercontent.com/PokeAPI/sprites/master/sprites/pokemon/back/126.png","back_female":null,"back_shiny":"https://raw.githubusercontent.com/PokeAPI/sprites/master/sprites/pokemon/back/shiny/126.png","back_shiny_female":null,"front_default":"https://raw.githubusercontent.com/PokeAPI/sprites/master/sprites/pokemon/126.png","front_female":null,"front_shiny":"https://raw.githubusercontent.com/PokeAPI/sprites/master/sprites/pokemon/shiny/126.png","front_shiny_female":null}', '1'),
('127', 'pinsir', '15', '550', '175', '{"back_default":"https://raw.githubusercontent.com/PokeAPI/sprites/master/sprites/pokemon/back/127.png","back_female":null,"back_shiny":"https://raw.githubusercontent.com/PokeAPI/sprites/master/sprites/pokemon/back/shiny/127.png","back_shiny_female":null,"front_default":"https://raw.githubusercontent.com/PokeAPI/sprites/master/sprites/pokemon/127.png","front_female":null,"front_shiny":"https://raw.githubusercontent.com/PokeAPI/sprites/master/sprites/pokemon/shiny/127.png","front_shiny_female":null}', '1'),
('128', 'tauros', '14', '884', '172', '{"back_default":"https://raw.githubusercontent.com/PokeAPI/sprites/master/sprites/pokemon/back/128.png","back_female":null,"back_shiny":"https://raw.githubusercontent.com/PokeAPI/sprites/master/sprites/pokemon/back/shiny/128.png","back_shiny_female":null,"front_default":"https://raw.githubusercontent.com/PokeAPI/sprites/master/sprites/pokemon/128.png","front_female":null,"front_shiny":"https://raw.githubusercontent.com/PokeAPI/sprites/master/sprites/pokemon/shiny/128.png","front_shiny_female":null}', '1'),
('129', 'magikarp', '9', '100', '40', '{"back_default":"https://raw.githubusercontent.com/PokeAPI/sprites/master/sprites/pokemon/back/129.png","back_female":"https://raw.githubusercontent.com/PokeAPI/sprites/master/sprites/pokemon/back/female/129.png","back_shiny":"https://raw.githubusercontent.com/PokeAPI/sprites/master/sprites/pokemon/back/shiny/129.png","back_shiny_female":"https://raw.githubusercontent.com/PokeAPI/sprites/master/sprites/pokemon/back/shiny/female/129.png","front_default":"https://raw.githubusercontent.com/PokeAPI/sprites/master/sprites/pokemon/129.png","front_female":"https://raw.githubusercontent.com/PokeAPI/sprites/master/sprites/pokemon/female/129.png","front_shiny":"https://raw.githubusercontent.com/PokeAPI/sprites/master/sprites/pokemon/shiny/129.png","front_shiny_female":"https://raw.githubusercontent.com/PokeAPI/sprites/master/sprites/pokemon/shiny/female/129.png"}', '1'),
('130', 'gyarados', '65', '2350', '189', '{"back_default":"https://raw.githubusercontent.com/PokeAPI/sprites/master/sprites/pokemon/back/130.png","back_female":"https://raw.githubusercontent.com/PokeAPI/sprites/master/sprites/pokemon/back/female/130.png","back_shiny":"https://raw.githubusercontent.com/PokeAPI/sprites/master/sprites/pokemon/back/shiny/130.png","back_shiny_female":"https://raw.githubusercontent.com/PokeAPI/sprites/master/sprites/pokemon/back/shiny/female/130.png","front_default":"https://raw.githubusercontent.com/PokeAPI/sprites/master/sprites/pokemon/130.png","front_female":"https://raw.githubusercontent.com/PokeAPI/sprites/master/sprites/pokemon/female/130.png","front_shiny":"https://raw.githubusercontent.com/PokeAPI/sprites/master/sprites/pokemon/shiny/130.png","front_shiny_female":"https://raw.githubusercontent.com/PokeAPI/sprites/master/sprites/pokemon/shiny/female/130.png"}', '1'),
('131', 'lapras', '25', '2200', '187', '{"back_default":"https://raw.githubusercontent.com/PokeAPI/sprites/master/sprites/pokemon/back/131.png","back_female":null,"back_shiny":"https://raw.githubusercontent.com/PokeAPI/sprites/master/sprites/pokemon/back/shiny/131.png","back_shiny_female":null,"front_default":"https://raw.githubusercontent.com/PokeAPI/sprites/master/sprites/pokemon/131.png","front_female":null,"front_shiny":"https://raw.githubusercontent.com/PokeAPI/sprites/master/sprites/pokemon/shiny/131.png","front_shiny_female":null}', '1'),
('132', 'ditto', '3', '40', '101', '{"back_default":"https://raw.githubusercontent.com/PokeAPI/sprites/master/sprites/pokemon/back/132.png","back_female":null,"back_shiny":"https://raw.githubusercontent.com/PokeAPI/sprites/master/sprites/pokemon/back/shiny/132.png","back_shiny_female":null,"front_default":"https://raw.githubusercontent.com/PokeAPI/sprites/master/sprites/pokemon/132.png","front_female":null,"front_shiny":"https://raw.githubusercontent.com/PokeAPI/sprites/master/sprites/pokemon/shiny/132.png","front_shiny_female":null}', '1'),
('133', 'eevee', '3', '65', '65', '{"back_default":"https://raw.githubusercontent.com/PokeAPI/sprites/master/sprites/pokemon/back/133.png","back_female":null,"back_shiny":"https://raw.githubusercontent.com/PokeAPI/sprites/master/sprites/pokemon/back/shiny/133.png","back_shiny_female":null,"front_default":"https://raw.githubusercontent.com/PokeAPI/sprites/master/sprites/pokemon/133.png","front_female":null,"front_shiny":"https://raw.githubusercontent.com/PokeAPI/sprites/master/sprites/pokemon/shiny/133.png","front_shiny_female":null}', '1'),
('134', 'vaporeon', '10', '290', '184', '{"back_default":"https://raw.githubusercontent.com/PokeAPI/sprites/master/sprites/pokemon/back/134.png","back_female":null,"back_shiny":"https://raw.githubusercontent.com/PokeAPI/sprites/master/sprites/pokemon/back/shiny/134.png","back_shiny_female":null,"front_default":"https://raw.githubusercontent.com/PokeAPI/sprites/master/sprites/pokemon/134.png","front_female":null,"front_shiny":"https://raw.githubusercontent.com/PokeAPI/sprites/master/sprites/pokemon/shiny/134.png","front_shiny_female":null}', '1'),
('135', 'jolteon', '8', '245', '184', '{"back_default":"https://raw.githubusercontent.com/PokeAPI/sprites/master/sprites/pokemon/back/135.png","back_female":null,"back_shiny":"https://raw.githubusercontent.com/PokeAPI/sprites/master/sprites/pokemon/back/shiny/135.png","back_shiny_female":null,"front_default":"https://raw.githubusercontent.com/PokeAPI/sprites/master/sprites/pokemon/135.png","front_female":null,"front_shiny":"https://raw.githubusercontent.com/PokeAPI/sprites/master/sprites/pokemon/shiny/135.png","front_shiny_female":null}', '1'),
('136', 'flareon', '9', '250', '184', '{"back_default":"https://raw.githubusercontent.com/PokeAPI/sprites/master/sprites/pokemon/back/136.png","back_female":null,"back_shiny":"https://raw.githubusercontent.com/PokeAPI/sprites/master/sprites/pokemon/back/shiny/136.png","back_shiny_female":null,"front_default":"https://raw.githubusercontent.com/PokeAPI/sprites/master/sprites/pokemon/136.png","front_female":null,"front_shiny":"https://raw.githubusercontent.com/PokeAPI/sprites/master/sprites/pokemon/shiny/136.png","front_shiny_female":null}', '1'),
('137', 'porygon', '8', '365', '79', '{"back_default":"https://raw.githubusercontent.com/PokeAPI/sprites/master/sprites/pokemon/back/137.png","back_female":null,"back_shiny":"https://raw.githubusercontent.com/PokeAPI/sprites/master/sprites/pokemon/back/shiny/137.png","back_shiny_female":null,"front_default":"https://raw.githubusercontent.com/PokeAPI/sprites/master/sprites/pokemon/137.png","front_female":null,"front_shiny":"https://raw.githubusercontent.com/PokeAPI/sprites/master/sprites/pokemon/shiny/137.png","front_shiny_female":null}', '1'),
('138', 'omanyte', '4', '75', '71', '{"back_default":"https://raw.githubusercontent.com/PokeAPI/sprites/master/sprites/pokemon/back/138.png","back_female":null,"back_shiny":"https://raw.githubusercontent.com/PokeAPI/sprites/master/sprites/pokemon/back/shiny/138.png","back_shiny_female":null,"front_default":"https://raw.githubusercontent.com/PokeAPI/sprites/master/sprites/pokemon/138.png","front_female":null,"front_shiny":"https://raw.githubusercontent.com/PokeAPI/sprites/master/sprites/pokemon/shiny/138.png","front_shiny_female":null}', '1'),
('139', 'omastar', '10', '350', '173', '{"back_default":"https://raw.githubusercontent.com/PokeAPI/sprites/master/sprites/pokemon/back/139.png","back_female":null,"back_shiny":"https://raw.githubusercontent.com/PokeAPI/sprites/master/sprites/pokemon/back/shiny/139.png","back_shiny_female":null,"front_default":"https://raw.githubusercontent.com/PokeAPI/sprites/master/sprites/pokemon/139.png","front_female":null,"front_shiny":"https://raw.githubusercontent.com/PokeAPI/sprites/master/sprites/pokemon/shiny/139.png","front_shiny_female":null}', '1'),
('140', 'kabuto', '5', '115', '71', '{"back_default":"https://raw.githubusercontent.com/PokeAPI/sprites/master/sprites/pokemon/back/140.png","back_female":null,"back_shiny":"https://raw.githubusercontent.com/PokeAPI/sprites/master/sprites/pokemon/back/shiny/140.png","back_shiny_female":null,"front_default":"https://raw.githubusercontent.com/PokeAPI/sprites/master/sprites/pokemon/140.png","front_female":null,"front_shiny":"https://raw.githubusercontent.com/PokeAPI/sprites/master/sprites/pokemon/shiny/140.png","front_shiny_female":null}', '1'),
('141', 'kabutops', '13', '405', '173', '{"back_default":"https://raw.githubusercontent.com/PokeAPI/sprites/master/sprites/pokemon/back/141.png","back_female":null,"back_shiny":"https://raw.githubusercontent.com/PokeAPI/sprites/master/sprites/pokemon/back/shiny/141.png","back_shiny_female":null,"front_default":"https://raw.githubusercontent.com/PokeAPI/sprites/master/sprites/pokemon/141.png","front_female":null,"front_shiny":"https://raw.githubusercontent.com/PokeAPI/sprites/master/sprites/pokemon/shiny/141.png","front_shiny_female":null}', '1'),
('142', 'aerodactyl', '18', '590', '180', '{"back_default":"https://raw.githubusercontent.com/PokeAPI/sprites/master/sprites/pokemon/back/142.png","back_female":null,"back_shiny":"https://raw.githubusercontent.com/PokeAPI/sprites/master/sprites/pokemon/back/shiny/142.png","back_shiny_female":null,"front_default":"https://raw.githubusercontent.com/PokeAPI/sprites/master/sprites/pokemon/142.png","front_female":null,"front_shiny":"https://raw.githubusercontent.com/PokeAPI/sprites/master/sprites/pokemon/shiny/142.png","front_shiny_female":null}', '1'),
('143', 'snorlax', '21', '4600', '189', '{"back_default":"https://raw.githubusercontent.com/PokeAPI/sprites/master/sprites/pokemon/back/143.png","back_female":null,"back_shiny":"https://raw.githubusercontent.com/PokeAPI/sprites/master/sprites/pokemon/back/shiny/143.png","back_shiny_female":null,"front_default":"https://raw.githubusercontent.com/PokeAPI/sprites/master/sprites/pokemon/143.png","front_female":null,"front_shiny":"https://raw.githubusercontent.com/PokeAPI/sprites/master/sprites/pokemon/shiny/143.png","front_shiny_female":null}', '1'),
('144', 'articuno', '17', '554', '261', '{"back_default":"https://raw.githubusercontent.com/PokeAPI/sprites/master/sprites/pokemon/back/144.png","back_female":null,"back_shiny":"https://raw.githubusercontent.com/PokeAPI/sprites/master/sprites/pokemon/back/shiny/144.png","back_shiny_female":null,"front_default":"https://raw.githubusercontent.com/PokeAPI/sprites/master/sprites/pokemon/144.png","front_female":null,"front_shiny":"https://raw.githubusercontent.com/PokeAPI/sprites/master/sprites/pokemon/shiny/144.png","front_shiny_female":null}', '1'),
('145', 'zapdos', '16', '526', '261', '{"back_default":"https://raw.githubusercontent.com/PokeAPI/sprites/master/sprites/pokemon/back/145.png","back_female":null,"back_shiny":"https://raw.githubusercontent.com/PokeAPI/sprites/master/sprites/pokemon/back/shiny/145.png","back_shiny_female":null,"front_default":"https://raw.githubusercontent.com/PokeAPI/sprites/master/sprites/pokemon/145.png","front_female":null,"front_shiny":"https://raw.githubusercontent.com/PokeAPI/sprites/master/sprites/pokemon/shiny/145.png","front_shiny_female":null}', '1'),
('146', 'moltres', '20', '600', '261', '{"back_default":"https://raw.githubusercontent.com/PokeAPI/sprites/master/sprites/pokemon/back/146.png","back_female":null,"back_shiny":"https://raw.githubusercontent.com/PokeAPI/sprites/master/sprites/pokemon/back/shiny/146.png","back_shiny_female":null,"front_default":"https://raw.githubusercontent.com/PokeAPI/sprites/master/sprites/pokemon/146.png","front_female":null,"front_shiny":"https://raw.githubusercontent.com/PokeAPI/sprites/master/sprites/pokemon/shiny/146.png","front_shiny_female":null}', '1'),
('147', 'dratini', '18', '33', '60', '{"back_default":"https://raw.githubusercontent.com/PokeAPI/sprites/master/sprites/pokemon/back/147.png","back_female":null,"back_shiny":"https://raw.githubusercontent.com/PokeAPI/sprites/master/sprites/pokemon/back/shiny/147.png","back_shiny_female":null,"front_default":"https://raw.githubusercontent.com/PokeAPI/sprites/master/sprites/pokemon/147.png","front_female":null,"front_shiny":"https://raw.githubusercontent.com/PokeAPI/sprites/master/sprites/pokemon/shiny/147.png","front_shiny_female":null}', '1'),
('148', 'dragonair', '40', '165', '147', '{"back_default":"https://raw.githubusercontent.com/PokeAPI/sprites/master/sprites/pokemon/back/148.png","back_female":null,"back_shiny":"https://raw.githubusercontent.com/PokeAPI/sprites/master/sprites/pokemon/back/shiny/148.png","back_shiny_female":null,"front_default":"https://raw.githubusercontent.com/PokeAPI/sprites/master/sprites/pokemon/148.png","front_female":null,"front_shiny":"https://raw.githubusercontent.com/PokeAPI/sprites/master/sprites/pokemon/shiny/148.png","front_shiny_female":null}', '1'),
('149', 'dragonite', '22', '2100', '270', '{"back_default":"https://raw.githubusercontent.com/PokeAPI/sprites/master/sprites/pokemon/back/149.png","back_female":null,"back_shiny":"https://raw.githubusercontent.com/PokeAPI/sprites/master/sprites/pokemon/back/shiny/149.png","back_shiny_female":null,"front_default":"https://raw.githubusercontent.com/PokeAPI/sprites/master/sprites/pokemon/149.png","front_female":null,"front_shiny":"https://raw.githubusercontent.com/PokeAPI/sprites/master/sprites/pokemon/shiny/149.png","front_shiny_female":null}', '1'),
('150', 'mewtwo', '20', '1220', '306', '{"back_default":"https://raw.githubusercontent.com/PokeAPI/sprites/master/sprites/pokemon/back/150.png","back_female":null,"back_shiny":"https://raw.githubusercontent.com/PokeAPI/sprites/master/sprites/pokemon/back/shiny/150.png","back_shiny_female":null,"front_default":"https://raw.githubusercontent.com/PokeAPI/sprites/master/sprites/pokemon/150.png","front_female":null,"front_shiny":"https://raw.githubusercontent.com/PokeAPI/sprites/master/sprites/pokemon/shiny/150.png","front_shiny_female":null}', '1'),
('151', 'mew', '4', '40', '270', '{"back_default":"https://raw.githubusercontent.com/PokeAPI/sprites/master/sprites/pokemon/back/151.png","back_female":null,"back_shiny":"https://raw.githubusercontent.com/PokeAPI/sprites/master/sprites/pokemon/back/shiny/151.png","back_shiny_female":null,"front_default":"https://raw.githubusercontent.com/PokeAPI/sprites/master/sprites/pokemon/151.png","front_female":null,"front_shiny":"https://raw.githubusercontent.com/PokeAPI/sprites/master/sprites/pokemon/shiny/151.png","front_shiny_female":null}', '1'),
('152', 'chikorita', '9', '64', '64', '{"back_default":"https://raw.githubusercontent.com/PokeAPI/sprites/master/sprites/pokemon/back/152.png","back_female":null,"back_shiny":"https://raw.githubusercontent.com/PokeAPI/sprites/master/sprites/pokemon/back/shiny/152.png","back_shiny_female":null,"front_default":"https://raw.githubusercontent.com/PokeAPI/sprites/master/sprites/pokemon/152.png","front_female":null,"front_shiny":"https://raw.githubusercontent.com/PokeAPI/sprites/master/sprites/pokemon/shiny/152.png","front_shiny_female":null}', '2'),
('153', 'bayleef', '12', '158', '142', '{"back_default":"https://raw.githubusercontent.com/PokeAPI/sprites/master/sprites/pokemon/back/153.png","back_female":null,"back_shiny":"https://raw.githubusercontent.com/PokeAPI/sprites/master/sprites/pokemon/back/shiny/153.png","back_shiny_female":null,"front_default":"https://raw.githubusercontent.com/PokeAPI/sprites/master/sprites/pokemon/153.png","front_female":null,"front_shiny":"https://raw.githubusercontent.com/PokeAPI/sprites/master/sprites/pokemon/shiny/153.png","front_shiny_female":null}', '2'),
('154', 'meganium', '18', '1005', '236', '{"back_default":"https://raw.githubusercontent.com/PokeAPI/sprites/master/sprites/pokemon/back/154.png","back_female":"https://raw.githubusercontent.com/PokeAPI/sprites/master/sprites/pokemon/back/female/154.png","back_shiny":"https://raw.githubusercontent.com/PokeAPI/sprites/master/sprites/pokemon/back/shiny/154.png","back_shiny_female":"https://raw.githubusercontent.com/PokeAPI/sprites/master/sprites/pokemon/back/shiny/female/154.png","front_default":"https://raw.githubusercontent.com/PokeAPI/sprites/master/sprites/pokemon/154.png","front_female":"https://raw.githubusercontent.com/PokeAPI/sprites/master/sprites/pokemon/female/154.png","front_shiny":"https://raw.githubusercontent.com/PokeAPI/sprites/master/sprites/pokemon/shiny/154.png","front_shiny_female":"https://raw.githubusercontent.com/PokeAPI/sprites/master/sprites/pokemon/shiny/female/154.png"}', '2'),
('155', 'cyndaquil', '5', '79', '62', '{"back_default":"https://raw.githubusercontent.com/PokeAPI/sprites/master/sprites/pokemon/back/155.png","back_female":null,"back_shiny":"https://raw.githubusercontent.com/PokeAPI/sprites/master/sprites/pokemon/back/shiny/155.png","back_shiny_female":null,"front_default":"https://raw.githubusercontent.com/PokeAPI/sprites/master/sprites/pokemon/155.png","front_female":null,"front_shiny":"https://raw.githubusercontent.com/PokeAPI/sprites/master/sprites/pokemon/shiny/155.png","front_shiny_female":null}', '2'),
('156', 'quilava', '9', '190', '142', '{"back_default":"https://raw.githubusercontent.com/PokeAPI/sprites/master/sprites/pokemon/back/156.png","back_female":null,"back_shiny":"https://raw.githubusercontent.com/PokeAPI/sprites/master/sprites/pokemon/back/shiny/156.png","back_shiny_female":null,"front_default":"https://raw.githubusercontent.com/PokeAPI/sprites/master/sprites/pokemon/156.png","front_female":null,"front_shiny":"https://raw.githubusercontent.com/PokeAPI/sprites/master/sprites/pokemon/shiny/156.png","front_shiny_female":null}', '2'),
('157', 'typhlosion', '17', '795', '240', '{"back_default":"https://raw.githubusercontent.com/PokeAPI/sprites/master/sprites/pokemon/back/157.png","back_female":null,"back_shiny":"https://raw.githubusercontent.com/PokeAPI/sprites/master/sprites/pokemon/back/shiny/157.png","back_shiny_female":null,"front_default":"https://raw.githubusercontent.com/PokeAPI/sprites/master/sprites/pokemon/157.png","front_female":null,"front_shiny":"https://raw.githubusercontent.com/PokeAPI/sprites/master/sprites/pokemon/shiny/157.png","front_shiny_female":null}', '2'),
('158', 'totodile', '6', '95', '63', '{"back_default":"https://raw.githubusercontent.com/PokeAPI/sprites/master/sprites/pokemon/back/158.png","back_female":null,"back_shiny":"https://raw.githubusercontent.com/PokeAPI/sprites/master/sprites/pokemon/back/shiny/158.png","back_shiny_female":null,"front_default":"https://raw.githubusercontent.com/PokeAPI/sprites/master/sprites/pokemon/158.png","front_female":null,"front_shiny":"https://raw.githubusercontent.com/PokeAPI/sprites/master/sprites/pokemon/shiny/158.png","front_shiny_female":null}', '2'),
('159', 'croconaw', '11', '250', '142', '{"back_default":"https://raw.githubusercontent.com/PokeAPI/sprites/master/sprites/pokemon/back/159.png","back_female":null,"back_shiny":"https://raw.githubusercontent.com/PokeAPI/sprites/master/sprites/pokemon/back/shiny/159.png","back_shiny_female":null,"front_default":"https://raw.githubusercontent.com/PokeAPI/sprites/master/sprites/pokemon/159.png","front_female":null,"front_shiny":"https://raw.githubusercontent.com/PokeAPI/sprites/master/sprites/pokemon/shiny/159.png","front_shiny_female":null}', '2'),
('160', 'feraligatr', '23', '888', '239', '{"back_default":"https://raw.githubusercontent.com/PokeAPI/sprites/master/sprites/pokemon/back/160.png","back_female":null,"back_shiny":"https://raw.githubusercontent.com/PokeAPI/sprites/master/sprites/pokemon/back/shiny/160.png","back_shiny_female":null,"front_default":"https://raw.githubusercontent.com/PokeAPI/sprites/master/sprites/pokemon/160.png","front_female":null,"front_shiny":"https://raw.githubusercontent.com/PokeAPI/sprites/master/sprites/pokemon/shiny/160.png","front_shiny_female":null}', '2'),
('161', 'sentret', '8', '60', '43', '{"back_default":"https://raw.githubusercontent.com/PokeAPI/sprites/master/sprites/pokemon/back/161.png","back_female":null,"back_shiny":"https://raw.githubusercontent.com/PokeAPI/sprites/master/sprites/pokemon/back/shiny/161.png","back_shiny_female":null,"front_default":"https://raw.githubusercontent.com/PokeAPI/sprites/master/sprites/pokemon/161.png","front_female":null,"front_shiny":"https://raw.githubusercontent.com/PokeAPI/sprites/master/sprites/pokemon/shiny/161.png","front_shiny_female":null}', '2'),
('162', 'furret', '18', '325', '145', '{"back_default":"https://raw.githubusercontent.com/PokeAPI/sprites/master/sprites/pokemon/back/162.png","back_female":null,"back_shiny":"https://raw.githubusercontent.com/PokeAPI/sprites/master/sprites/pokemon/back/shiny/162.png","back_shiny_female":null,"front_default":"https://raw.githubusercontent.com/PokeAPI/sprites/master/sprites/pokemon/162.png","front_female":null,"front_shiny":"https://raw.githubusercontent.com/PokeAPI/sprites/master/sprites/pokemon/shiny/162.png","front_shiny_female":null}', '2'),
('163', 'hoothoot', '7', '212', '52', '{"back_default":"https://raw.githubusercontent.com/PokeAPI/sprites/master/sprites/pokemon/back/163.png","back_female":null,"back_shiny":"https://raw.githubusercontent.com/PokeAPI/sprites/master/sprites/pokemon/back/shiny/163.png","back_shiny_female":null,"front_default":"https://raw.githubusercontent.com/PokeAPI/sprites/master/sprites/pokemon/163.png","front_female":null,"front_shiny":"https://raw.githubusercontent.com/PokeAPI/sprites/master/sprites/pokemon/shiny/163.png","front_shiny_female":null}', '2'),
('164', 'noctowl', '16', '408', '158', '{"back_default":"https://raw.githubusercontent.com/PokeAPI/sprites/master/sprites/pokemon/back/164.png","back_female":null,"back_shiny":"https://raw.githubusercontent.com/PokeAPI/sprites/master/sprites/pokemon/back/shiny/164.png","back_shiny_female":null,"front_default":"https://raw.githubusercontent.com/PokeAPI/sprites/master/sprites/pokemon/164.png","front_female":null,"front_shiny":"https://raw.githubusercontent.com/PokeAPI/sprites/master/sprites/pokemon/shiny/164.png","front_shiny_female":null}', '2'),
('165', 'ledyba', '10', '108', '53', '{"back_default":"https://raw.githubusercontent.com/PokeAPI/sprites/master/sprites/pokemon/back/165.png","back_female":"https://raw.githubusercontent.com/PokeAPI/sprites/master/sprites/pokemon/back/female/165.png","back_shiny":"https://raw.githubusercontent.com/PokeAPI/sprites/master/sprites/pokemon/back/shiny/165.png","back_shiny_female":"https://raw.githubusercontent.com/PokeAPI/sprites/master/sprites/pokemon/back/shiny/female/165.png","front_default":"https://raw.githubusercontent.com/PokeAPI/sprites/master/sprites/pokemon/165.png","front_female":"https://raw.githubusercontent.com/PokeAPI/sprites/master/sprites/pokemon/female/165.png","front_shiny":"https://raw.githubusercontent.com/PokeAPI/sprites/master/sprites/pokemon/shiny/165.png","front_shiny_female":"https://raw.githubusercontent.com/PokeAPI/sprites/master/sprites/pokemon/shiny/female/165.png"}', '2'),
('166', 'ledian', '14', '356', '137', '{"back_default":"https://raw.githubusercontent.com/PokeAPI/sprites/master/sprites/pokemon/back/166.png","back_female":"https://raw.githubusercontent.com/PokeAPI/sprites/master/sprites/pokemon/back/female/166.png","back_shiny":"https://raw.githubusercontent.com/PokeAPI/sprites/master/sprites/pokemon/back/shiny/166.png","back_shiny_female":"https://raw.githubusercontent.com/PokeAPI/sprites/master/sprites/pokemon/back/shiny/female/166.png","front_default":"https://raw.githubusercontent.com/PokeAPI/sprites/master/sprites/pokemon/166.png","front_female":"https://raw.githubusercontent.com/PokeAPI/sprites/master/sprites/pokemon/female/166.png","front_shiny":"https://raw.githubusercontent.com/PokeAPI/sprites/master/sprites/pokemon/shiny/166.png","front_shiny_female":"https://raw.githubusercontent.com/PokeAPI/sprites/master/sprites/pokemon/shiny/female/166.png"}', '2'),
('167', 'spinarak', '5', '85', '50', '{"back_default":"https://raw.githubusercontent.com/PokeAPI/sprites/master/sprites/pokemon/back/167.png","back_female":null,"back_shiny":"https://raw.githubusercontent.com/PokeAPI/sprites/master/sprites/pokemon/back/shiny/167.png","back_shiny_female":null,"front_default":"https://raw.githubusercontent.com/PokeAPI/sprites/master/sprites/pokemon/167.png","front_female":null,"front_shiny":"https://raw.githubusercontent.com/PokeAPI/sprites/master/sprites/pokemon/shiny/167.png","front_shiny_female":null}', '2'),
('168', 'ariados', '11', '335', '140', '{"back_default":"https://raw.githubusercontent.com/PokeAPI/sprites/master/sprites/pokemon/back/168.png","back_female":null,"back_shiny":"https://raw.githubusercontent.com/PokeAPI/sprites/master/sprites/pokemon/back/shiny/168.png","back_shiny_female":null,"front_default":"https://raw.githubusercontent.com/PokeAPI/sprites/master/sprites/pokemon/168.png","front_female":null,"front_shiny":"https://raw.githubusercontent.com/PokeAPI/sprites/master/sprites/pokemon/shiny/168.png","front_shiny_female":null}', '2'),
('169', 'crobat', '18', '750', '241', '{"back_default":"https://raw.githubusercontent.com/PokeAPI/sprites/master/sprites/pokemon/back/169.png","back_female":null,"back_shiny":"https://raw.githubusercontent.com/PokeAPI/sprites/master/sprites/pokemon/back/shiny/169.png","back_shiny_female":null,"front_default":"https://raw.githubusercontent.com/PokeAPI/sprites/master/sprites/pokemon/169.png","front_female":null,"front_shiny":"https://raw.githubusercontent.com/PokeAPI/sprites/master/sprites/pokemon/shiny/169.png","front_shiny_female":null}', '2'),
('170', 'chinchou', '5', '120', '66', '{"back_default":"https://raw.githubusercontent.com/PokeAPI/sprites/master/sprites/pokemon/back/170.png","back_female":null,"back_shiny":"https://raw.githubusercontent.com/PokeAPI/sprites/master/sprites/pokemon/back/shiny/170.png","back_shiny_female":null,"front_default":"https://raw.githubusercontent.com/PokeAPI/sprites/master/sprites/pokemon/170.png","front_female":null,"front_shiny":"https://raw.githubusercontent.com/PokeAPI/sprites/master/sprites/pokemon/shiny/170.png","front_shiny_female":null}', '2'),
('171', 'lanturn', '12', '225', '161', '{"back_default":"https://raw.githubusercontent.com/PokeAPI/sprites/master/sprites/pokemon/back/171.png","back_female":null,"back_shiny":"https://raw.githubusercontent.com/PokeAPI/sprites/master/sprites/pokemon/back/shiny/171.png","back_shiny_female":null,"front_default":"https://raw.githubusercontent.com/PokeAPI/sprites/master/sprites/pokemon/171.png","front_female":null,"front_shiny":"https://raw.githubusercontent.com/PokeAPI/sprites/master/sprites/pokemon/shiny/171.png","front_shiny_female":null}', '2'),
('172', 'pichu', '3', '20', '41', '{"back_default":"https://raw.githubusercontent.com/PokeAPI/sprites/master/sprites/pokemon/back/172.png","back_female":null,"back_shiny":"https://raw.githubusercontent.com/PokeAPI/sprites/master/sprites/pokemon/back/shiny/172.png","back_shiny_female":null,"front_default":"https://raw.githubusercontent.com/PokeAPI/sprites/master/sprites/pokemon/172.png","front_female":null,"front_shiny":"https://raw.githubusercontent.com/PokeAPI/sprites/master/sprites/pokemon/shiny/172.png","front_shiny_female":null}', '2'),
('173', 'cleffa', '3', '30', '44', '{"back_default":"https://raw.githubusercontent.com/PokeAPI/sprites/master/sprites/pokemon/back/173.png","back_female":null,"back_shiny":"https://raw.githubusercontent.com/PokeAPI/sprites/master/sprites/pokemon/back/shiny/173.png","back_shiny_female":null,"front_default":"https://raw.githubusercontent.com/PokeAPI/sprites/master/sprites/pokemon/173.png","front_female":null,"front_shiny":"https://raw.githubusercontent.com/PokeAPI/sprites/master/sprites/pokemon/shiny/173.png","front_shiny_female":null}', '2'),
('174', 'igglybuff', '3', '10', '42', '{"back_default":"https://raw.githubusercontent.com/PokeAPI/sprites/master/sprites/pokemon/back/174.png","back_female":null,"back_shiny":"https://raw.githubusercontent.com/PokeAPI/sprites/master/sprites/pokemon/back/shiny/174.png","back_shiny_female":null,"front_default":"https://raw.githubusercontent.com/PokeAPI/sprites/master/sprites/pokemon/174.png","front_female":null,"front_shiny":"https://raw.githubusercontent.com/PokeAPI/sprites/master/sprites/pokemon/shiny/174.png","front_shiny_female":null}', '2'),
('175', 'togepi', '3', '15', '49', '{"back_default":"https://raw.githubusercontent.com/PokeAPI/sprites/master/sprites/pokemon/back/175.png","back_female":null,"back_shiny":"https://raw.githubusercontent.com/PokeAPI/sprites/master/sprites/pokemon/back/shiny/175.png","back_shiny_female":null,"front_default":"https://raw.githubusercontent.com/PokeAPI/sprites/master/sprites/pokemon/175.png","front_female":null,"front_shiny":"https://raw.githubusercontent.com/PokeAPI/sprites/master/sprites/pokemon/shiny/175.png","front_shiny_female":null}', '2'),
('176', 'togetic', '6', '32', '142', '{"back_default":"https://raw.githubusercontent.com/PokeAPI/sprites/master/sprites/pokemon/back/176.png","back_female":null,"back_shiny":"https://raw.githubusercontent.com/PokeAPI/sprites/master/sprites/pokemon/back/shiny/176.png","back_shiny_female":null,"front_default":"https://raw.githubusercontent.com/PokeAPI/sprites/master/sprites/pokemon/176.png","front_female":null,"front_shiny":"https://raw.githubusercontent.com/PokeAPI/sprites/master/sprites/pokemon/shiny/176.png","front_shiny_female":null}', '2'),
('177', 'natu', '2', '20', '64', '{"back_default":"https://raw.githubusercontent.com/PokeAPI/sprites/master/sprites/pokemon/back/177.png","back_female":null,"back_shiny":"https://raw.githubusercontent.com/PokeAPI/sprites/master/sprites/pokemon/back/shiny/177.png","back_shiny_female":null,"front_default":"https://raw.githubusercontent.com/PokeAPI/sprites/master/sprites/pokemon/177.png","front_female":null,"front_shiny":"https://raw.githubusercontent.com/PokeAPI/sprites/master/sprites/pokemon/shiny/177.png","front_shiny_female":null}', '2'),
('178', 'xatu', '15', '150', '165', '{"back_default":"https://raw.githubusercontent.com/PokeAPI/sprites/master/sprites/pokemon/back/178.png","back_female":"https://raw.githubusercontent.com/PokeAPI/sprites/master/sprites/pokemon/back/female/178.png","back_shiny":"https://raw.githubusercontent.com/PokeAPI/sprites/master/sprites/pokemon/back/shiny/178.png","back_shiny_female":"https://raw.githubusercontent.com/PokeAPI/sprites/master/sprites/pokemon/back/shiny/female/178.png","front_default":"https://raw.githubusercontent.com/PokeAPI/sprites/master/sprites/pokemon/178.png","front_female":"https://raw.githubusercontent.com/PokeAPI/sprites/master/sprites/pokemon/female/178.png","front_shiny":"https://raw.githubusercontent.com/PokeAPI/sprites/master/sprites/pokemon/shiny/178.png","front_shiny_female":"https://raw.githubusercontent.com/PokeAPI/sprites/master/sprites/pokemon/shiny/female/178.png"}', '2'),
('179', 'mareep', '6', '78', '56', '{"back_default":"https://raw.githubusercontent.com/PokeAPI/sprites/master/sprites/pokemon/back/179.png","back_female":null,"back_shiny":"https://raw.githubusercontent.com/PokeAPI/sprites/master/sprites/pokemon/back/shiny/179.png","back_shiny_female":null,"front_default":"https://raw.githubusercontent.com/PokeAPI/sprites/master/sprites/pokemon/179.png","front_female":null,"front_shiny":"https://raw.githubusercontent.com/PokeAPI/sprites/master/sprites/pokemon/shiny/179.png","front_shiny_female":null}', '2'),
('180', 'flaaffy', '8', '133', '128', '{"back_default":"https://raw.githubusercontent.com/PokeAPI/sprites/master/sprites/pokemon/back/180.png","back_female":null,"back_shiny":"https://raw.githubusercontent.com/PokeAPI/sprites/master/sprites/pokemon/back/shiny/180.png","back_shiny_female":null,"front_default":"https://raw.githubusercontent.com/PokeAPI/sprites/master/sprites/pokemon/180.png","front_female":null,"front_shiny":"https://raw.githubusercontent.com/PokeAPI/sprites/master/sprites/pokemon/shiny/180.png","front_shiny_female":null}', '2'),
('181', 'ampharos', '14', '615', '230', '{"back_default":"https://raw.githubusercontent.com/PokeAPI/sprites/master/sprites/pokemon/back/181.png","back_female":null,"back_shiny":"https://raw.githubusercontent.com/PokeAPI/sprites/master/sprites/pokemon/back/shiny/181.png","back_shiny_female":null,"front_default":"https://raw.githubusercontent.com/PokeAPI/sprites/master/sprites/pokemon/181.png","front_female":null,"front_shiny":"https://raw.githubusercontent.com/PokeAPI/sprites/master/sprites/pokemon/shiny/181.png","front_shiny_female":null}', '2'),
('182', 'bellossom', '4', '58', '221', '{"back_default":"https://raw.githubusercontent.com/PokeAPI/sprites/master/sprites/pokemon/back/182.png","back_female":null,"back_shiny":"https://raw.githubusercontent.com/PokeAPI/sprites/master/sprites/pokemon/back/shiny/182.png","back_shiny_female":null,"front_default":"https://raw.githubusercontent.com/PokeAPI/sprites/master/sprites/pokemon/182.png","front_female":null,"front_shiny":"https://raw.githubusercontent.com/PokeAPI/sprites/master/sprites/pokemon/shiny/182.png","front_shiny_female":null}', '2'),
('183', 'marill', '4', '85', '88', '{"back_default":"https://raw.githubusercontent.com/PokeAPI/sprites/master/sprites/pokemon/back/183.png","back_female":null,"back_shiny":"https://raw.githubusercontent.com/PokeAPI/sprites/master/sprites/pokemon/back/shiny/183.png","back_shiny_female":null,"front_default":"https://raw.githubusercontent.com/PokeAPI/sprites/master/sprites/pokemon/183.png","front_female":null,"front_shiny":"https://raw.githubusercontent.com/PokeAPI/sprites/master/sprites/pokemon/shiny/183.png","front_shiny_female":null}', '2'),
('184', 'azumarill', '8', '285', '189', '{"back_default":"https://raw.githubusercontent.com/PokeAPI/sprites/master/sprites/pokemon/back/184.png","back_female":null,"back_shiny":"https://raw.githubusercontent.com/PokeAPI/sprites/master/sprites/pokemon/back/shiny/184.png","back_shiny_female":null,"front_default":"https://raw.githubusercontent.com/PokeAPI/sprites/master/sprites/pokemon/184.png","front_female":null,"front_shiny":"https://raw.githubusercontent.com/PokeAPI/sprites/master/sprites/pokemon/shiny/184.png","front_shiny_female":null}', '2'),
('185', 'sudowoodo', '12', '380', '144', '{"back_default":"https://raw.githubusercontent.com/PokeAPI/sprites/master/sprites/pokemon/back/185.png","back_female":"https://raw.githubusercontent.com/PokeAPI/sprites/master/sprites/pokemon/back/female/185.png","back_shiny":"https://raw.githubusercontent.com/PokeAPI/sprites/master/sprites/pokemon/back/shiny/185.png","back_shiny_female":"https://raw.githubusercontent.com/PokeAPI/sprites/master/sprites/pokemon/back/shiny/female/185.png","front_default":"https://raw.githubusercontent.com/PokeAPI/sprites/master/sprites/pokemon/185.png","front_female":"https://raw.githubusercontent.com/PokeAPI/sprites/master/sprites/pokemon/female/185.png","front_shiny":"https://raw.githubusercontent.com/PokeAPI/sprites/master/sprites/pokemon/shiny/185.png","front_shiny_female":"https://raw.githubusercontent.com/PokeAPI/sprites/master/sprites/pokemon/shiny/female/185.png"}', '2'),
('186', 'politoed', '11', '339', '225', '{"back_default":"https://raw.githubusercontent.com/PokeAPI/sprites/master/sprites/pokemon/back/186.png","back_female":"https://raw.githubusercontent.com/PokeAPI/sprites/master/sprites/pokemon/back/female/186.png","back_shiny":"https://raw.githubusercontent.com/PokeAPI/sprites/master/sprites/pokemon/back/shiny/186.png","back_shiny_female":"https://raw.githubusercontent.com/PokeAPI/sprites/master/sprites/pokemon/back/shiny/female/186.png","front_default":"https://raw.githubusercontent.com/PokeAPI/sprites/master/sprites/pokemon/186.png","front_female":"https://raw.githubusercontent.com/PokeAPI/sprites/master/sprites/pokemon/female/186.png","front_shiny":"https://raw.githubusercontent.com/PokeAPI/sprites/master/sprites/pokemon/shiny/186.png","front_shiny_female":"https://raw.githubusercontent.com/PokeAPI/sprites/master/sprites/pokemon/shiny/female/186.png"}', '2'),
('187', 'hoppip', '4', '5', '50', '{"back_default":"https://raw.githubusercontent.com/PokeAPI/sprites/master/sprites/pokemon/back/187.png","back_female":null,"back_shiny":"https://raw.githubusercontent.com/PokeAPI/sprites/master/sprites/pokemon/back/shiny/187.png","back_shiny_female":null,"front_default":"https://raw.githubusercontent.com/PokeAPI/sprites/master/sprites/pokemon/187.png","front_female":null,"front_shiny":"https://raw.githubusercontent.com/PokeAPI/sprites/master/sprites/pokemon/shiny/187.png","front_shiny_female":null}', '2'),
('188', 'skiploom', '6', '10', '119', '{"back_default":"https://raw.githubusercontent.com/PokeAPI/sprites/master/sprites/pokemon/back/188.png","back_female":null,"back_shiny":"https://raw.githubusercontent.com/PokeAPI/sprites/master/sprites/pokemon/back/shiny/188.png","back_shiny_female":null,"front_default":"https://raw.githubusercontent.com/PokeAPI/sprites/master/sprites/pokemon/188.png","front_female":null,"front_shiny":"https://raw.githubusercontent.com/PokeAPI/sprites/master/sprites/pokemon/shiny/188.png","front_shiny_female":null}', '2'),
('189', 'jumpluff', '8', '30', '207', '{"back_default":"https://raw.githubusercontent.com/PokeAPI/sprites/master/sprites/pokemon/back/189.png","back_female":null,"back_shiny":"https://raw.githubusercontent.com/PokeAPI/sprites/master/sprites/pokemon/back/shiny/189.png","back_shiny_female":null,"front_default":"https://raw.githubusercontent.com/PokeAPI/sprites/master/sprites/pokemon/189.png","front_female":null,"front_shiny":"https://raw.githubusercontent.com/PokeAPI/sprites/master/sprites/pokemon/shiny/189.png","front_shiny_female":null}', '2'),
('190', 'aipom', '8', '115', '72', '{"back_default":"https://raw.githubusercontent.com/PokeAPI/sprites/master/sprites/pokemon/back/190.png","back_female":"https://raw.githubusercontent.com/PokeAPI/sprites/master/sprites/pokemon/back/female/190.png","back_shiny":"https://raw.githubusercontent.com/PokeAPI/sprites/master/sprites/pokemon/back/shiny/190.png","back_shiny_female":"https://raw.githubusercontent.com/PokeAPI/sprites/master/sprites/pokemon/back/shiny/female/190.png","front_default":"https://raw.githubusercontent.com/PokeAPI/sprites/master/sprites/pokemon/190.png","front_female":"https://raw.githubusercontent.com/PokeAPI/sprites/master/sprites/pokemon/female/190.png","front_shiny":"https://raw.githubusercontent.com/PokeAPI/sprites/master/sprites/pokemon/shiny/190.png","front_shiny_female":"https://raw.githubusercontent.com/PokeAPI/sprites/master/sprites/pokemon/shiny/female/190.png"}', '2'),
('191', 'sunkern', '3', '18', '36', '{"back_default":"https://raw.githubusercontent.com/PokeAPI/sprites/master/sprites/pokemon/back/191.png","back_female":null,"back_shiny":"https://raw.githubusercontent.com/PokeAPI/sprites/master/sprites/pokemon/back/shiny/191.png","back_shiny_female":null,"front_default":"https://raw.githubusercontent.com/PokeAPI/sprites/master/sprites/pokemon/191.png","front_female":null,"front_shiny":"https://raw.githubusercontent.com/PokeAPI/sprites/master/sprites/pokemon/shiny/191.png","front_shiny_female":null}', '2'),
('192', 'sunflora', '8', '85', '149', '{"back_default":"https://raw.githubusercontent.com/PokeAPI/sprites/master/sprites/pokemon/back/192.png","back_female":null,"back_shiny":"https://raw.githubusercontent.com/PokeAPI/sprites/master/sprites/pokemon/back/shiny/192.png","back_shiny_female":null,"front_default":"https://raw.githubusercontent.com/PokeAPI/sprites/master/sprites/pokemon/192.png","front_female":null,"front_shiny":"https://raw.githubusercontent.com/PokeAPI/sprites/master/sprites/pokemon/shiny/192.png","front_shiny_female":null}', '2'),
('193', 'yanma', '12', '380', '78', '{"back_default":"https://raw.githubusercontent.com/PokeAPI/sprites/master/sprites/pokemon/back/193.png","back_female":null,"back_shiny":"https://raw.githubusercontent.com/PokeAPI/sprites/master/sprites/pokemon/back/shiny/193.png","back_shiny_female":null,"front_default":"https://raw.githubusercontent.com/PokeAPI/sprites/master/sprites/pokemon/193.png","front_female":null,"front_shiny":"https://raw.githubusercontent.com/PokeAPI/sprites/master/sprites/pokemon/shiny/193.png","front_shiny_female":null}', '2'),
('194', 'wooper', '4', '85', '42', '{"back_default":"https://raw.githubusercontent.com/PokeAPI/sprites/master/sprites/pokemon/back/194.png","back_female":"https://raw.githubusercontent.com/PokeAPI/sprites/master/sprites/pokemon/back/female/194.png","back_shiny":"https://raw.githubusercontent.com/PokeAPI/sprites/master/sprites/pokemon/back/shiny/194.png","back_shiny_female":"https://raw.githubusercontent.com/PokeAPI/sprites/master/sprites/pokemon/back/shiny/female/194.png","front_default":"https://raw.githubusercontent.com/PokeAPI/sprites/master/sprites/pokemon/194.png","front_female":"https://raw.githubusercontent.com/PokeAPI/sprites/master/sprites/pokemon/female/194.png","front_shiny":"https://raw.githubusercontent.com/PokeAPI/sprites/master/sprites/pokemon/shiny/194.png","front_shiny_female":"https://raw.githubusercontent.com/PokeAPI/sprites/master/sprites/pokemon/shiny/female/194.png"}', '2'),
('195', 'quagsire', '14', '750', '151', '{"back_default":"https://raw.githubusercontent.com/PokeAPI/sprites/master/sprites/pokemon/back/195.png","back_female":"https://raw.githubusercontent.com/PokeAPI/sprites/master/sprites/pokemon/back/female/195.png","back_shiny":"https://raw.githubusercontent.com/PokeAPI/sprites/master/sprites/pokemon/back/shiny/195.png","back_shiny_female":"https://raw.githubusercontent.com/PokeAPI/sprites/master/sprites/pokemon/back/shiny/female/195.png","front_default":"https://raw.githubusercontent.com/PokeAPI/sprites/master/sprites/pokemon/195.png","front_female":"https://raw.githubusercontent.com/PokeAPI/sprites/master/sprites/pokemon/female/195.png","front_shiny":"https://raw.githubusercontent.com/PokeAPI/sprites/master/sprites/pokemon/shiny/195.png","front_shiny_female":"https://raw.githubusercontent.com/PokeAPI/sprites/master/sprites/pokemon/shiny/female/195.png"}', '2'),
('196', 'espeon', '9', '265', '184', '{"back_default":"https://raw.githubusercontent.com/PokeAPI/sprites/master/sprites/pokemon/back/196.png","back_female":null,"back_shiny":"https://raw.githubusercontent.com/PokeAPI/sprites/master/sprites/pokemon/back/shiny/196.png","back_shiny_female":null,"front_default":"https://raw.githubusercontent.com/PokeAPI/sprites/master/sprites/pokemon/196.png","front_female":null,"front_shiny":"https://raw.githubusercontent.com/PokeAPI/sprites/master/sprites/pokemon/shiny/196.png","front_shiny_female":null}', '2'),
('197', 'umbreon', '10', '270', '184', '{"back_default":"https://raw.githubusercontent.com/PokeAPI/sprites/master/sprites/pokemon/back/197.png","back_female":null,"back_shiny":"https://raw.githubusercontent.com/PokeAPI/sprites/master/sprites/pokemon/back/shiny/197.png","back_shiny_female":null,"front_default":"https://raw.githubusercontent.com/PokeAPI/sprites/master/sprites/pokemon/197.png","front_female":null,"front_shiny":"https://raw.githubusercontent.com/PokeAPI/sprites/master/sprites/pokemon/shiny/197.png","front_shiny_female":null}', '2'),
('198', 'murkrow', '5', '21', '81', '{"back_default":"https://raw.githubusercontent.com/PokeAPI/sprites/master/sprites/pokemon/back/198.png","back_female":"https://raw.githubusercontent.com/PokeAPI/sprites/master/sprites/pokemon/back/female/198.png","back_shiny":"https://raw.githubusercontent.com/PokeAPI/sprites/master/sprites/pokemon/back/shiny/198.png","back_shiny_female":"https://raw.githubusercontent.com/PokeAPI/sprites/master/sprites/pokemon/back/shiny/female/198.png","front_default":"https://raw.githubusercontent.com/PokeAPI/sprites/master/sprites/pokemon/198.png","front_female":"https://raw.githubusercontent.com/PokeAPI/sprites/master/sprites/pokemon/female/198.png","front_shiny":"https://raw.githubusercontent.com/PokeAPI/sprites/master/sprites/pokemon/shiny/198.png","front_shiny_female":"https://raw.githubusercontent.com/PokeAPI/sprites/master/sprites/pokemon/shiny/female/198.png"}', '2'),
('199', 'slowking', '20', '795', '172', '{"back_default":"https://raw.githubusercontent.com/PokeAPI/sprites/master/sprites/pokemon/back/199.png","back_female":null,"back_shiny":"https://raw.githubusercontent.com/PokeAPI/sprites/master/sprites/pokemon/back/shiny/199.png","back_shiny_female":null,"front_default":"https://raw.githubusercontent.com/PokeAPI/sprites/master/sprites/pokemon/199.png","front_female":null,"front_shiny":"https://raw.githubusercontent.com/PokeAPI/sprites/master/sprites/pokemon/shiny/199.png","front_shiny_female":null}', '2'),
('200', 'misdreavus', '7', '10', '87', '{"back_default":"https://raw.githubusercontent.com/PokeAPI/sprites/master/sprites/pokemon/back/200.png","back_female":null,"back_shiny":"https://raw.githubusercontent.com/PokeAPI/sprites/master/sprites/pokemon/back/shiny/200.png","back_shiny_female":null,"front_default":"https://raw.githubusercontent.com/PokeAPI/sprites/master/sprites/pokemon/200.png","front_female":null,"front_shiny":"https://raw.githubusercontent.com/PokeAPI/sprites/master/sprites/pokemon/shiny/200.png","front_shiny_female":null}', '2'),
('201', 'unown', '5', '50', '118', '{"back_default":"https://raw.githubusercontent.com/PokeAPI/sprites/master/sprites/pokemon/back/201.png","back_female":null,"back_shiny":"https://raw.githubusercontent.com/PokeAPI/sprites/master/sprites/pokemon/back/shiny/201.png","back_shiny_female":null,"front_default":"https://raw.githubusercontent.com/PokeAPI/sprites/master/sprites/pokemon/201.png","front_female":null,"front_shiny":"https://raw.githubusercontent.com/PokeAPI/sprites/master/sprites/pokemon/shiny/201.png","front_shiny_female":null}', '2'),
('202', 'wobbuffet', '13', '285', '142', '{"back_default":"https://raw.githubusercontent.com/PokeAPI/sprites/master/sprites/pokemon/back/202.png","back_female":null,"back_shiny":"https://raw.githubusercontent.com/PokeAPI/sprites/master/sprites/pokemon/back/shiny/202.png","back_shiny_female":null,"front_default":"https://raw.githubusercontent.com/PokeAPI/sprites/master/sprites/pokemon/202.png","front_female":"https://raw.githubusercontent.com/PokeAPI/sprites/master/sprites/pokemon/female/202.png","front_shiny":"https://raw.githubusercontent.com/PokeAPI/sprites/master/sprites/pokemon/shiny/202.png","front_shiny_female":"https://raw.githubusercontent.com/PokeAPI/sprites/master/sprites/pokemon/shiny/female/202.png"}', '2'),
('203', 'girafarig', '15', '415', '159', '{"back_default":"https://raw.githubusercontent.com/PokeAPI/sprites/master/sprites/pokemon/back/203.png","back_female":"https://raw.githubusercontent.com/PokeAPI/sprites/master/sprites/pokemon/back/female/203.png","back_shiny":"https://raw.githubusercontent.com/PokeAPI/sprites/master/sprites/pokemon/back/shiny/203.png","back_shiny_female":"https://raw.githubusercontent.com/PokeAPI/sprites/master/sprites/pokemon/back/shiny/female/203.png","front_default":"https://raw.githubusercontent.com/PokeAPI/sprites/master/sprites/pokemon/203.png","front_female":"https://raw.githubusercontent.com/PokeAPI/sprites/master/sprites/pokemon/female/203.png","front_shiny":"https://raw.githubusercontent.com/PokeAPI/sprites/master/sprites/pokemon/shiny/203.png","front_shiny_female":"https://raw.githubusercontent.com/PokeAPI/sprites/master/sprites/pokemon/shiny/female/203.png"}', '2'),
('204', 'pineco', '6', '72', '58', '{"back_default":"https://raw.githubusercontent.com/PokeAPI/sprites/master/sprites/pokemon/back/204.png","back_female":null,"back_shiny":"https://raw.githubusercontent.com/PokeAPI/sprites/master/sprites/pokemon/back/shiny/204.png","back_shiny_female":null,"front_default":"https://raw.githubusercontent.com/PokeAPI/sprites/master/sprites/pokemon/204.png","front_female":null,"front_shiny":"https://raw.githubusercontent.com/PokeAPI/sprites/master/sprites/pokemon/shiny/204.png","front_shiny_female":null}', '2'),
('205', 'forretress', '12', '1258', '163', '{"back_default":"https://raw.githubusercontent.com/PokeAPI/sprites/master/sprites/pokemon/back/205.png","back_female":null,"back_shiny":"https://raw.githubusercontent.com/PokeAPI/sprites/master/sprites/pokemon/back/shiny/205.png","back_shiny_female":null,"front_default":"https://raw.githubusercontent.com/PokeAPI/sprites/master/sprites/pokemon/205.png","front_female":null,"front_shiny":"https://raw.githubusercontent.com/PokeAPI/sprites/master/sprites/pokemon/shiny/205.png","front_shiny_female":null}', '2'),
('206', 'dunsparce', '15', '140', '145', '{"back_default":"https://raw.githubusercontent.com/PokeAPI/sprites/master/sprites/pokemon/back/206.png","back_female":null,"back_shiny":"https://raw.githubusercontent.com/PokeAPI/sprites/master/sprites/pokemon/back/shiny/206.png","back_shiny_female":null,"front_default":"https://raw.githubusercontent.com/PokeAPI/sprites/master/sprites/pokemon/206.png","front_female":null,"front_shiny":"https://raw.githubusercontent.com/PokeAPI/sprites/master/sprites/pokemon/shiny/206.png","front_shiny_female":null}', '2'),
('207', 'gligar', '11', '648', '86', '{"back_default":"https://raw.githubusercontent.com/PokeAPI/sprites/master/sprites/pokemon/back/207.png","back_female":"https://raw.githubusercontent.com/PokeAPI/sprites/master/sprites/pokemon/back/female/207.png","back_shiny":"https://raw.githubusercontent.com/PokeAPI/sprites/master/sprites/pokemon/back/shiny/207.png","back_shiny_female":"https://raw.githubusercontent.com/PokeAPI/sprites/master/sprites/pokemon/back/shiny/female/207.png","front_default":"https://raw.githubusercontent.com/PokeAPI/sprites/master/sprites/pokemon/207.png","front_female":"https://raw.githubusercontent.com/PokeAPI/sprites/master/sprites/pokemon/female/207.png","front_shiny":"https://raw.githubusercontent.com/PokeAPI/sprites/master/sprites/pokemon/shiny/207.png","front_shiny_female":"https://raw.githubusercontent.com/PokeAPI/sprites/master/sprites/pokemon/shiny/female/207.png"}', '2'),
('208', 'steelix', '92', '4000', '179', '{"back_default":"https://raw.githubusercontent.com/PokeAPI/sprites/master/sprites/pokemon/back/208.png","back_female":"https://raw.githubusercontent.com/PokeAPI/sprites/master/sprites/pokemon/back/female/208.png","back_shiny":"https://raw.githubusercontent.com/PokeAPI/sprites/master/sprites/pokemon/back/shiny/208.png","back_shiny_female":"https://raw.githubusercontent.com/PokeAPI/sprites/master/sprites/pokemon/back/shiny/female/208.png","front_default":"https://raw.githubusercontent.com/PokeAPI/sprites/master/sprites/pokemon/208.png","front_female":"https://raw.githubusercontent.com/PokeAPI/sprites/master/sprites/pokemon/female/208.png","front_shiny":"https://raw.githubusercontent.com/PokeAPI/sprites/master/sprites/pokemon/shiny/208.png","front_shiny_female":"https://raw.githubusercontent.com/PokeAPI/sprites/master/sprites/pokemon/shiny/female/208.png"}', '2'),
('209', 'snubbull', '6', '78', '60', '{"back_default":"https://raw.githubusercontent.com/PokeAPI/sprites/master/sprites/pokemon/back/209.png","back_female":null,"back_shiny":"https://raw.githubusercontent.com/PokeAPI/sprites/master/sprites/pokemon/back/shiny/209.png","back_shiny_female":null,"front_default":"https://raw.githubusercontent.com/PokeAPI/sprites/master/sprites/pokemon/209.png","front_female":null,"front_shiny":"https://raw.githubusercontent.com/PokeAPI/sprites/master/sprites/pokemon/shiny/209.png","front_shiny_female":null}', '2'),
('210', 'granbull', '14', '487', '158', '{"back_default":"https://raw.githubusercontent.com/PokeAPI/sprites/master/sprites/pokemon/back/210.png","back_female":null,"back_shiny":"https://raw.githubusercontent.com/PokeAPI/sprites/master/sprites/pokemon/back/shiny/210.png","back_shiny_female":null,"front_default":"https://raw.githubusercontent.com/PokeAPI/sprites/master/sprites/pokemon/210.png","front_female":null,"front_shiny":"https://raw.githubusercontent.com/PokeAPI/sprites/master/sprites/pokemon/shiny/210.png","front_shiny_female":null}', '2'),
('211', 'qwilfish', '5', '39', '88', '{"back_default":"https://raw.githubusercontent.com/PokeAPI/sprites/master/sprites/pokemon/back/211.png","back_female":null,"back_shiny":"https://raw.githubusercontent.com/PokeAPI/sprites/master/sprites/pokemon/back/shiny/211.png","back_shiny_female":null,"front_default":"https://raw.githubusercontent.com/PokeAPI/sprites/master/sprites/pokemon/211.png","front_female":null,"front_shiny":"https://raw.githubusercontent.com/PokeAPI/sprites/master/sprites/pokemon/shiny/211.png","front_shiny_female":null}', '2'),
('212', 'scizor', '18', '1180', '175', '{"back_default":"https://raw.githubusercontent.com/PokeAPI/sprites/master/sprites/pokemon/back/212.png","back_female":"https://raw.githubusercontent.com/PokeAPI/sprites/master/sprites/pokemon/back/female/212.png","back_shiny":"https://raw.githubusercontent.com/PokeAPI/sprites/master/sprites/pokemon/back/shiny/212.png","back_shiny_female":"https://raw.githubusercontent.com/PokeAPI/sprites/master/sprites/pokemon/back/shiny/female/212.png","front_default":"https://raw.githubusercontent.com/PokeAPI/sprites/master/sprites/pokemon/212.png","front_female":"https://raw.githubusercontent.com/PokeAPI/sprites/master/sprites/pokemon/female/212.png","front_shiny":"https://raw.githubusercontent.com/PokeAPI/sprites/master/sprites/pokemon/shiny/212.png","front_shiny_female":"https://raw.githubusercontent.com/PokeAPI/sprites/master/sprites/pokemon/shiny/female/212.png"}', '2'),
('213', 'shuckle', '6', '205', '177', '{"back_default":"https://raw.githubusercontent.com/PokeAPI/sprites/master/sprites/pokemon/back/213.png","back_female":null,"back_shiny":"https://raw.githubusercontent.com/PokeAPI/sprites/master/sprites/pokemon/back/shiny/213.png","back_shiny_female":null,"front_default":"https://raw.githubusercontent.com/PokeAPI/sprites/master/sprites/pokemon/213.png","front_female":null,"front_shiny":"https://raw.githubusercontent.com/PokeAPI/sprites/master/sprites/pokemon/shiny/213.png","front_shiny_female":null}', '2'),
('214', 'heracross', '15', '540', '175', '{"back_default":"https://raw.githubusercontent.com/PokeAPI/sprites/master/sprites/pokemon/back/214.png","back_female":"https://raw.githubusercontent.com/PokeAPI/sprites/master/sprites/pokemon/back/female/214.png","back_shiny":"https://raw.githubusercontent.com/PokeAPI/sprites/master/sprites/pokemon/back/shiny/214.png","back_shiny_female":"https://raw.githubusercontent.com/PokeAPI/sprites/master/sprites/pokemon/back/shiny/female/214.png","front_default":"https://raw.githubusercontent.com/PokeAPI/sprites/master/sprites/pokemon/214.png","front_female":"https://raw.githubusercontent.com/PokeAPI/sprites/master/sprites/pokemon/female/214.png","front_shiny":"https://raw.githubusercontent.com/PokeAPI/sprites/master/sprites/pokemon/shiny/214.png","front_shiny_female":"https://raw.githubusercontent.com/PokeAPI/sprites/master/sprites/pokemon/shiny/female/214.png"}', '2'),
('215', 'sneasel', '9', '280', '86', '{"back_default":"https://raw.githubusercontent.com/PokeAPI/sprites/master/sprites/pokemon/back/215.png","back_female":"https://raw.githubusercontent.com/PokeAPI/sprites/master/sprites/pokemon/back/female/215.png","back_shiny":"https://raw.githubusercontent.com/PokeAPI/sprites/master/sprites/pokemon/back/shiny/215.png","back_shiny_female":"https://raw.githubusercontent.com/PokeAPI/sprites/master/sprites/pokemon/back/shiny/female/215.png","front_default":"https://raw.githubusercontent.com/PokeAPI/sprites/master/sprites/pokemon/215.png","front_female":"https://raw.githubusercontent.com/PokeAPI/sprites/master/sprites/pokemon/female/215.png","front_shiny":"https://raw.githubusercontent.com/PokeAPI/sprites/master/sprites/pokemon/shiny/215.png","front_shiny_female":"https://raw.githubusercontent.com/PokeAPI/sprites/master/sprites/pokemon/shiny/female/215.png"}', '2'),
('216', 'teddiursa', '6', '88', '66', '{"back_default":"https://raw.githubusercontent.com/PokeAPI/sprites/master/sprites/pokemon/back/216.png","back_female":null,"back_shiny":"https://raw.githubusercontent.com/PokeAPI/sprites/master/sprites/pokemon/back/shiny/216.png","back_shiny_female":null,"front_default":"https://raw.githubusercontent.com/PokeAPI/sprites/master/sprites/pokemon/216.png","front_female":null,"front_shiny":"https://raw.githubusercontent.com/PokeAPI/sprites/master/sprites/pokemon/shiny/216.png","front_shiny_female":null}', '2'),
('217', 'ursaring', '18', '1258', '175', '{"back_default":"https://raw.githubusercontent.com/PokeAPI/sprites/master/sprites/pokemon/back/217.png","back_female":"https://raw.githubusercontent.com/PokeAPI/sprites/master/sprites/pokemon/back/female/217.png","back_shiny":"https://raw.githubusercontent.com/PokeAPI/sprites/master/sprites/pokemon/back/shiny/217.png","back_shiny_female":"https://raw.githubusercontent.com/PokeAPI/sprites/master/sprites/pokemon/back/shiny/female/217.png","front_default":"https://raw.githubusercontent.com/PokeAPI/sprites/master/sprites/pokemon/217.png","front_female":"https://raw.githubusercontent.com/PokeAPI/sprites/master/sprites/pokemon/female/217.png","front_shiny":"https://raw.githubusercontent.com/PokeAPI/sprites/master/sprites/pokemon/shiny/217.png","front_shiny_female":"https://raw.githubusercontent.com/PokeAPI/sprites/master/sprites/pokemon/shiny/female/217.png"}', '2'),
('218', 'slugma', '7', '350', '50', '{"back_default":"https://raw.githubusercontent.com/PokeAPI/sprites/master/sprites/pokemon/back/218.png","back_female":null,"back_shiny":"https://raw.githubusercontent.com/PokeAPI/sprites/master/sprites/pokemon/back/shiny/218.png","back_shiny_female":null,"front_default":"https://raw.githubusercontent.com/PokeAPI/sprites/master/sprites/pokemon/218.png","front_female":null,"front_shiny":"https://raw.githubusercontent.com/PokeAPI/sprites/master/sprites/pokemon/shiny/218.png","front_shiny_female":null}', '2'),
('219', 'magcargo', '8', '550', '151', '{"back_default":"https://raw.githubusercontent.com/PokeAPI/sprites/master/sprites/pokemon/back/219.png","back_female":null,"back_shiny":"https://raw.githubusercontent.com/PokeAPI/sprites/master/sprites/pokemon/back/shiny/219.png","back_shiny_female":null,"front_default":"https://raw.githubusercontent.com/PokeAPI/sprites/master/sprites/pokemon/219.png","front_female":null,"front_shiny":"https://raw.githubusercontent.com/PokeAPI/sprites/master/sprites/pokemon/shiny/219.png","front_shiny_female":null}', '2'),
('220', 'swinub', '4', '65', '50', '{"back_default":"https://raw.githubusercontent.com/PokeAPI/sprites/master/sprites/pokemon/back/220.png","back_female":null,"back_shiny":"https://raw.githubusercontent.com/PokeAPI/sprites/master/sprites/pokemon/back/shiny/220.png","back_shiny_female":null,"front_default":"https://raw.githubusercontent.com/PokeAPI/sprites/master/sprites/pokemon/220.png","front_female":null,"front_shiny":"https://raw.githubusercontent.com/PokeAPI/sprites/master/sprites/pokemon/shiny/220.png","front_shiny_female":null}', '2'),
('221', 'piloswine', '11', '558', '158', '{"back_default":"https://raw.githubusercontent.com/PokeAPI/sprites/master/sprites/pokemon/back/221.png","back_female":"https://raw.githubusercontent.com/PokeAPI/sprites/master/sprites/pokemon/back/female/221.png","back_shiny":"https://raw.githubusercontent.com/PokeAPI/sprites/master/sprites/pokemon/back/shiny/221.png","back_shiny_female":"https://raw.githubusercontent.com/PokeAPI/sprites/master/sprites/pokemon/back/shiny/female/221.png","front_default":"https://raw.githubusercontent.com/PokeAPI/sprites/master/sprites/pokemon/221.png","front_female":"https://raw.githubusercontent.com/PokeAPI/sprites/master/sprites/pokemon/female/221.png","front_shiny":"https://raw.githubusercontent.com/PokeAPI/sprites/master/sprites/pokemon/shiny/221.png","front_shiny_female":"https://raw.githubusercontent.com/PokeAPI/sprites/master/sprites/pokemon/shiny/female/221.png"}', '2'),
('222', 'corsola', '6', '50', '144', '{"back_default":"https://raw.githubusercontent.com/PokeAPI/sprites/master/sprites/pokemon/back/222.png","back_female":null,"back_shiny":"https://raw.githubusercontent.com/PokeAPI/sprites/master/sprites/pokemon/back/shiny/222.png","back_shiny_female":null,"front_default":"https://raw.githubusercontent.com/PokeAPI/sprites/master/sprites/pokemon/222.png","front_female":null,"front_shiny":"https://raw.githubusercontent.com/PokeAPI/sprites/master/sprites/pokemon/shiny/222.png","front_shiny_female":null}', '2'),
('223', 'remoraid', '6', '120', '60', '{"back_default":"https://raw.githubusercontent.com/PokeAPI/sprites/master/sprites/pokemon/back/223.png","back_female":null,"back_shiny":"https://raw.githubusercontent.com/PokeAPI/sprites/master/sprites/pokemon/back/shiny/223.png","back_shiny_female":null,"front_default":"https://raw.githubusercontent.com/PokeAPI/sprites/master/sprites/pokemon/223.png","front_female":null,"front_shiny":"https://raw.githubusercontent.com/PokeAPI/sprites/master/sprites/pokemon/shiny/223.png","front_shiny_female":null}', '2'),
('224', 'octillery', '9', '285', '168', '{"back_default":"https://raw.githubusercontent.com/PokeAPI/sprites/master/sprites/pokemon/back/224.png","back_female":"https://raw.githubusercontent.com/PokeAPI/sprites/master/sprites/pokemon/back/female/224.png","back_shiny":"https://raw.githubusercontent.com/PokeAPI/sprites/master/sprites/pokemon/back/shiny/224.png","back_shiny_female":"https://raw.githubusercontent.com/PokeAPI/sprites/master/sprites/pokemon/back/shiny/female/224.png","front_default":"https://raw.githubusercontent.com/PokeAPI/sprites/master/sprites/pokemon/224.png","front_female":"https://raw.githubusercontent.com/PokeAPI/sprites/master/sprites/pokemon/female/224.png","front_shiny":"https://raw.githubusercontent.com/PokeAPI/sprites/master/sprites/pokemon/shiny/224.png","front_shiny_female":"https://raw.githubusercontent.com/PokeAPI/sprites/master/sprites/pokemon/shiny/female/224.png"}', '2'),
('225', 'delibird', '9', '160', '116', '{"back_default":"https://raw.githubusercontent.com/PokeAPI/sprites/master/sprites/pokemon/back/225.png","back_female":null,"back_shiny":"https://raw.githubusercontent.com/PokeAPI/sprites/master/sprites/pokemon/back/shiny/225.png","back_shiny_female":null,"front_default":"https://raw.githubusercontent.com/PokeAPI/sprites/master/sprites/pokemon/225.png","front_female":null,"front_shiny":"https://raw.githubusercontent.com/PokeAPI/sprites/master/sprites/pokemon/shiny/225.png","front_shiny_female":null}', '2'),
('226', 'mantine', '21', '2200', '170', '{"back_default":"https://raw.githubusercontent.com/PokeAPI/sprites/master/sprites/pokemon/back/226.png","back_female":null,"back_shiny":"https://raw.githubusercontent.com/PokeAPI/sprites/master/sprites/pokemon/back/shiny/226.png","back_shiny_female":null,"front_default":"https://raw.githubusercontent.com/PokeAPI/sprites/master/sprites/pokemon/226.png","front_female":null,"front_shiny":"https://raw.githubusercontent.com/PokeAPI/sprites/master/sprites/pokemon/shiny/226.png","front_shiny_female":null}', '2'),
('227', 'skarmory', '17', '505', '163', '{"back_default":"https://raw.githubusercontent.com/PokeAPI/sprites/master/sprites/pokemon/back/227.png","back_female":null,"back_shiny":"https://raw.githubusercontent.com/PokeAPI/sprites/master/sprites/pokemon/back/shiny/227.png","back_shiny_female":null,"front_default":"https://raw.githubusercontent.com/PokeAPI/sprites/master/sprites/pokemon/227.png","front_female":null,"front_shiny":"https://raw.githubusercontent.com/PokeAPI/sprites/master/sprites/pokemon/shiny/227.png","front_shiny_female":null}', '2'),
('228', 'houndour', '6', '108', '66', '{"back_default":"https://raw.githubusercontent.com/PokeAPI/sprites/master/sprites/pokemon/back/228.png","back_female":null,"back_shiny":"https://raw.githubusercontent.com/PokeAPI/sprites/master/sprites/pokemon/back/shiny/228.png","back_shiny_female":null,"front_default":"https://raw.githubusercontent.com/PokeAPI/sprites/master/sprites/pokemon/228.png","front_female":null,"front_shiny":"https://raw.githubusercontent.com/PokeAPI/sprites/master/sprites/pokemon/shiny/228.png","front_shiny_female":null}', '2'),
('229', 'houndoom', '14', '350', '175', '{"back_default":"https://raw.githubusercontent.com/PokeAPI/sprites/master/sprites/pokemon/back/229.png","back_female":"https://raw.githubusercontent.com/PokeAPI/sprites/master/sprites/pokemon/back/female/229.png","back_shiny":"https://raw.githubusercontent.com/PokeAPI/sprites/master/sprites/pokemon/back/shiny/229.png","back_shiny_female":"https://raw.githubusercontent.com/PokeAPI/sprites/master/sprites/pokemon/back/shiny/female/229.png","front_default":"https://raw.githubusercontent.com/PokeAPI/sprites/master/sprites/pokemon/229.png","front_female":"https://raw.githubusercontent.com/PokeAPI/sprites/master/sprites/pokemon/female/229.png","front_shiny":"https://raw.githubusercontent.com/PokeAPI/sprites/master/sprites/pokemon/shiny/229.png","front_shiny_female":"https://raw.githubusercontent.com/PokeAPI/sprites/master/sprites/pokemon/shiny/female/229.png"}', '2'),
('230', 'kingdra', '18', '1520', '243', '{"back_default":"https://raw.githubusercontent.com/PokeAPI/sprites/master/sprites/pokemon/back/230.png","back_female":null,"back_shiny":"https://raw.githubusercontent.com/PokeAPI/sprites/master/sprites/pokemon/back/shiny/230.png","back_shiny_female":null,"front_default":"https://raw.githubusercontent.com/PokeAPI/sprites/master/sprites/pokemon/230.png","front_female":null,"front_shiny":"https://raw.githubusercontent.com/PokeAPI/sprites/master/sprites/pokemon/shiny/230.png","front_shiny_female":null}', '2'),
('231', 'phanpy', '5', '335', '66', '{"back_default":"https://raw.githubusercontent.com/PokeAPI/sprites/master/sprites/pokemon/back/231.png","back_female":null,"back_shiny":"https://raw.githubusercontent.com/PokeAPI/sprites/master/sprites/pokemon/back/shiny/231.png","back_shiny_female":null,"front_default":"https://raw.githubusercontent.com/PokeAPI/sprites/master/sprites/pokemon/231.png","front_female":null,"front_shiny":"https://raw.githubusercontent.com/PokeAPI/sprites/master/sprites/pokemon/shiny/231.png","front_shiny_female":null}', '2'),
('232', 'donphan', '11', '1200', '175', '{"back_default":"https://raw.githubusercontent.com/PokeAPI/sprites/master/sprites/pokemon/back/232.png","back_female":"https://raw.githubusercontent.com/PokeAPI/sprites/master/sprites/pokemon/back/female/232.png","back_shiny":"https://raw.githubusercontent.com/PokeAPI/sprites/master/sprites/pokemon/back/shiny/232.png","back_shiny_female":"https://raw.githubusercontent.com/PokeAPI/sprites/master/sprites/pokemon/back/shiny/female/232.png","front_default":"https://raw.githubusercontent.com/PokeAPI/sprites/master/sprites/pokemon/232.png","front_female":"https://raw.githubusercontent.com/PokeAPI/sprites/master/sprites/pokemon/female/232.png","front_shiny":"https://raw.githubusercontent.com/PokeAPI/sprites/master/sprites/pokemon/shiny/232.png","front_shiny_female":"https://raw.githubusercontent.com/PokeAPI/sprites/master/sprites/pokemon/shiny/female/232.png"}', '2'),
('233', 'porygon2', '6', '325', '180', '{"back_default":"https://raw.githubusercontent.com/PokeAPI/sprites/master/sprites/pokemon/back/233.png","back_female":null,"back_shiny":"https://raw.githubusercontent.com/PokeAPI/sprites/master/sprites/pokemon/back/shiny/233.png","back_shiny_female":null,"front_default":"https://raw.githubusercontent.com/PokeAPI/sprites/master/sprites/pokemon/233.png","front_female":null,"front_shiny":"https://raw.githubusercontent.com/PokeAPI/sprites/master/sprites/pokemon/shiny/233.png","front_shiny_female":null}', '2'),
('234', 'stantler', '14', '712', '163', '{"back_default":"https://raw.githubusercontent.com/PokeAPI/sprites/master/sprites/pokemon/back/234.png","back_female":null,"back_shiny":"https://raw.githubusercontent.com/PokeAPI/sprites/master/sprites/pokemon/back/shiny/234.png","back_shiny_female":null,"front_default":"https://raw.githubusercontent.com/PokeAPI/sprites/master/sprites/pokemon/234.png","front_female":null,"front_shiny":"https://raw.githubusercontent.com/PokeAPI/sprites/master/sprites/pokemon/shiny/234.png","front_shiny_female":null}', '2'),
('235', 'smeargle', '12', '580', '88', '{"back_default":"https://raw.githubusercontent.com/PokeAPI/sprites/master/sprites/pokemon/back/235.png","back_female":null,"back_shiny":"https://raw.githubusercontent.com/PokeAPI/sprites/master/sprites/pokemon/back/shiny/235.png","back_shiny_female":null,"front_default":"https://raw.githubusercontent.com/PokeAPI/sprites/master/sprites/pokemon/235.png","front_female":null,"front_shiny":"https://raw.githubusercontent.com/PokeAPI/sprites/master/sprites/pokemon/shiny/235.png","front_shiny_female":null}', '2'),
('236', 'tyrogue', '7', '210', '42', '{"back_default":"https://raw.githubusercontent.com/PokeAPI/sprites/master/sprites/pokemon/back/236.png","back_female":null,"back_shiny":"https://raw.githubusercontent.com/PokeAPI/sprites/master/sprites/pokemon/back/shiny/236.png","back_shiny_female":null,"front_default":"https://raw.githubusercontent.com/PokeAPI/sprites/master/sprites/pokemon/236.png","front_female":null,"front_shiny":"https://raw.githubusercontent.com/PokeAPI/sprites/master/sprites/pokemon/shiny/236.png","front_shiny_female":null}', '2'),
('237', 'hitmontop', '14', '480', '159', '{"back_default":"https://raw.githubusercontent.com/PokeAPI/sprites/master/sprites/pokemon/back/237.png","back_female":null,"back_shiny":"https://raw.githubusercontent.com/PokeAPI/sprites/master/sprites/pokemon/back/shiny/237.png","back_shiny_female":null,"front_default":"https://raw.githubusercontent.com/PokeAPI/sprites/master/sprites/pokemon/237.png","front_female":null,"front_shiny":"https://raw.githubusercontent.com/PokeAPI/sprites/master/sprites/pokemon/shiny/237.png","front_shiny_female":null}', '2'),
('238', 'smoochum', '4', '60', '61', '{"back_default":"https://raw.githubusercontent.com/PokeAPI/sprites/master/sprites/pokemon/back/238.png","back_female":null,"back_shiny":"https://raw.githubusercontent.com/PokeAPI/sprites/master/sprites/pokemon/back/shiny/238.png","back_shiny_female":null,"front_default":"https://raw.githubusercontent.com/PokeAPI/sprites/master/sprites/pokemon/238.png","front_female":null,"front_shiny":"https://raw.githubusercontent.com/PokeAPI/sprites/master/sprites/pokemon/shiny/238.png","front_shiny_female":null}', '2'),
('239', 'elekid', '6', '235', '72', '{"back_default":"https://raw.githubusercontent.com/PokeAPI/sprites/master/sprites/pokemon/back/239.png","back_female":null,"back_shiny":"https://raw.githubusercontent.com/PokeAPI/sprites/master/sprites/pokemon/back/shiny/239.png","back_shiny_female":null,"front_default":"https://raw.githubusercontent.com/PokeAPI/sprites/master/sprites/pokemon/239.png","front_female":null,"front_shiny":"https://raw.githubusercontent.com/PokeAPI/sprites/master/sprites/pokemon/shiny/239.png","front_shiny_female":null}', '2'),
('240', 'magby', '7', '214', '73', '{"back_default":"https://raw.githubusercontent.com/PokeAPI/sprites/master/sprites/pokemon/back/240.png","back_female":null,"back_shiny":"https://raw.githubusercontent.com/PokeAPI/sprites/master/sprites/pokemon/back/shiny/240.png","back_shiny_female":null,"front_default":"https://raw.githubusercontent.com/PokeAPI/sprites/master/sprites/pokemon/240.png","front_female":null,"front_shiny":"https://raw.githubusercontent.com/PokeAPI/sprites/master/sprites/pokemon/shiny/240.png","front_shiny_female":null}', '2'),
('241', 'miltank', '12', '755', '172', '{"back_default":"https://raw.githubusercontent.com/PokeAPI/sprites/master/sprites/pokemon/back/241.png","back_female":null,"back_shiny":"https://raw.githubusercontent.com/PokeAPI/sprites/master/sprites/pokemon/back/shiny/241.png","back_shiny_female":null,"front_default":"https://raw.githubusercontent.com/PokeAPI/sprites/master/sprites/pokemon/241.png","front_female":null,"front_shiny":"https://raw.githubusercontent.com/PokeAPI/sprites/master/sprites/pokemon/shiny/241.png","front_shiny_female":null}', '2'),
('242', 'blissey', '15', '468', '608', '{"back_default":"https://raw.githubusercontent.com/PokeAPI/sprites/master/sprites/pokemon/back/242.png","back_female":null,"back_shiny":"https://raw.githubusercontent.com/PokeAPI/sprites/master/sprites/pokemon/back/shiny/242.png","back_shiny_female":null,"front_default":"https://raw.githubusercontent.com/PokeAPI/sprites/master/sprites/pokemon/242.png","front_female":null,"front_shiny":"https://raw.githubusercontent.com/PokeAPI/sprites/master/sprites/pokemon/shiny/242.png","front_shiny_female":null}', '2'),
('243', 'raikou', '19', '1780', '261', '{"back_default":"https://raw.githubusercontent.com/PokeAPI/sprites/master/sprites/pokemon/back/243.png","back_female":null,"back_shiny":"https://raw.githubusercontent.com/PokeAPI/sprites/master/sprites/pokemon/back/shiny/243.png","back_shiny_female":null,"front_default":"https://raw.githubusercontent.com/PokeAPI/sprites/master/sprites/pokemon/243.png","front_female":null,"front_shiny":"https://raw.githubusercontent.com/PokeAPI/sprites/master/sprites/pokemon/shiny/243.png","front_shiny_female":null}', '2'),
('244', 'entei', '21', '1980', '261', '{"back_default":"https://raw.githubusercontent.com/PokeAPI/sprites/master/sprites/pokemon/back/244.png","back_female":null,"back_shiny":"https://raw.githubusercontent.com/PokeAPI/sprites/master/sprites/pokemon/back/shiny/244.png","back_shiny_female":null,"front_default":"https://raw.githubusercontent.com/PokeAPI/sprites/master/sprites/pokemon/244.png","front_female":null,"front_shiny":"https://raw.githubusercontent.com/PokeAPI/sprites/master/sprites/pokemon/shiny/244.png","front_shiny_female":null}', '2'),
('245', 'suicune', '20', '1870', '261', '{"back_default":"https://raw.githubusercontent.com/PokeAPI/sprites/master/sprites/pokemon/back/245.png","back_female":null,"back_shiny":"https://raw.githubusercontent.com/PokeAPI/sprites/master/sprites/pokemon/back/shiny/245.png","back_shiny_female":null,"front_default":"https://raw.githubusercontent.com/PokeAPI/sprites/master/sprites/pokemon/245.png","front_female":null,"front_shiny":"https://raw.githubusercontent.com/PokeAPI/sprites/master/sprites/pokemon/shiny/245.png","front_shiny_female":null}', '2'),
('246', 'larvitar', '6', '720', '60', '{"back_default":"https://raw.githubusercontent.com/PokeAPI/sprites/master/sprites/pokemon/back/246.png","back_female":null,"back_shiny":"https://raw.githubusercontent.com/PokeAPI/sprites/master/sprites/pokemon/back/shiny/246.png","back_shiny_female":null,"front_default":"https://raw.githubusercontent.com/PokeAPI/sprites/master/sprites/pokemon/246.png","front_female":null,"front_shiny":"https://raw.githubusercontent.com/PokeAPI/sprites/master/sprites/pokemon/shiny/246.png","front_shiny_female":null}', '2'),
('247', 'pupitar', '12', '1520', '144', '{"back_default":"https://raw.githubusercontent.com/PokeAPI/sprites/master/sprites/pokemon/back/247.png","back_female":null,"back_shiny":"https://raw.githubusercontent.com/PokeAPI/sprites/master/sprites/pokemon/back/shiny/247.png","back_shiny_female":null,"front_default":"https://raw.githubusercontent.com/PokeAPI/sprites/master/sprites/pokemon/247.png","front_female":null,"front_shiny":"https://raw.githubusercontent.com/PokeAPI/sprites/master/sprites/pokemon/shiny/247.png","front_shiny_female":null}', '2'),
('248', 'tyranitar', '20', '2020', '270', '{"back_default":"https://raw.githubusercontent.com/PokeAPI/sprites/master/sprites/pokemon/back/248.png","back_female":null,"back_shiny":"https://raw.githubusercontent.com/PokeAPI/sprites/master/sprites/pokemon/back/shiny/248.png","back_shiny_female":null,"front_default":"https://raw.githubusercontent.com/PokeAPI/sprites/master/sprites/pokemon/248.png","front_female":null,"front_shiny":"https://raw.githubusercontent.com/PokeAPI/sprites/master/sprites/pokemon/shiny/248.png","front_shiny_female":null}', '2'),
('249', 'lugia', '52', '2160', '306', '{"back_default":"https://raw.githubusercontent.com/PokeAPI/sprites/master/sprites/pokemon/back/249.png","back_female":null,"back_shiny":"https://raw.githubusercontent.com/PokeAPI/sprites/master/sprites/pokemon/back/shiny/249.png","back_shiny_female":null,"front_default":"https://raw.githubusercontent.com/PokeAPI/sprites/master/sprites/pokemon/249.png","front_female":null,"front_shiny":"https://raw.githubusercontent.com/PokeAPI/sprites/master/sprites/pokemon/shiny/249.png","front_shiny_female":null}', '2'),
('250', 'ho-oh', '38', '1990', '306', '{"back_default":"https://raw.githubusercontent.com/PokeAPI/sprites/master/sprites/pokemon/back/250.png","back_female":null,"back_shiny":"https://raw.githubusercontent.com/PokeAPI/sprites/master/sprites/pokemon/back/shiny/250.png","back_shiny_female":null,"front_default":"https://raw.githubusercontent.com/PokeAPI/sprites/master/sprites/pokemon/250.png","front_female":null,"front_shiny":"https://raw.githubusercontent.com/PokeAPI/sprites/master/sprites/pokemon/shiny/250.png","front_shiny_female":null}', '2'),
('251', 'celebi', '6', '50', '270', '{"back_default":"https://raw.githubusercontent.com/PokeAPI/sprites/master/sprites/pokemon/back/251.png","back_female":null,"back_shiny":"https://raw.githubusercontent.com/PokeAPI/sprites/master/sprites/pokemon/back/shiny/251.png","back_shiny_female":null,"front_default":"https://raw.githubusercontent.com/PokeAPI/sprites/master/sprites/pokemon/251.png","front_female":null,"front_shiny":"https://raw.githubusercontent.com/PokeAPI/sprites/master/sprites/pokemon/shiny/251.png","front_shiny_female":null}', '2');

INSERT INTO "public"."regions" ("id", "name") VALUES ('1', 'kanto'),
('2', 'johto');

INSERT INTO "public"."types" ("id", "name", "double_damage_from", "double_damage_to", "half_damage_from", "half_damage_to", "no_damage_from", "no_damage_to") VALUES ('1', 'normal', '{fighting}', '{}', '{}', '{rock,steel}', '{ghost}', '{ghost}'),
('2', 'fighting', '{flying,psychic,fairy}', '{normal,rock,steel,ice,dark}', '{rock,bug,dark}', '{flying,poison,bug,psychic,fairy}', '{}', '{ghost}'),
('3', 'flying', '{rock,electric,ice}', '{fighting,bug,grass}', '{fighting,bug,grass}', '{rock,steel,electric}', '{ground}', '{}'),
('4', 'poison', '{ground,psychic}', '{grass,fairy}', '{fighting,poison,bug,grass,fairy}', '{poison,ground,rock,ghost}', '{}', '{steel}'),
('5', 'ground', '{water,grass,ice}', '{poison,rock,steel,fire,electric}', '{poison,rock}', '{bug,grass}', '{electric}', '{flying}'),
('6', 'rock', '{fighting,ground,steel,water,grass}', '{flying,bug,fire,ice}', '{normal,flying,poison,fire}', '{fighting,ground,steel}', '{}', '{}'),
('7', 'bug', '{flying,rock,fire}', '{grass,psychic,dark}', '{fighting,ground,grass}', '{fighting,flying,poison,ghost,steel,fire,fairy}', '{}', '{}'),
('8', 'ghost', '{ghost,dark}', '{ghost,psychic}', '{poison,bug}', '{dark}', '{normal,fighting}', '{normal}'),
('9', 'steel', '{fighting,ground,fire}', '{rock,ice,fairy}', '{normal,flying,rock,bug,steel,grass,psychic,ice,dragon,fairy}', '{steel,fire,water,electric}', '{poison}', '{}'),
('10', 'fire', '{ground,rock,water}', '{bug,steel,grass,ice}', '{bug,steel,fire,grass,ice,fairy}', '{rock,fire,water,dragon}', '{}', '{}'),
('11', 'water', '{grass,electric}', '{ground,rock,fire}', '{steel,fire,water,ice}', '{water,grass,dragon}', '{}', '{}'),
('12', 'grass', '{flying,poison,bug,fire,ice}', '{ground,rock,water}', '{ground,water,grass,electric}', '{flying,poison,bug,steel,fire,grass,dragon}', '{}', '{}'),
('13', 'electric', '{ground}', '{flying,water}', '{flying,steel,electric}', '{grass,electric,dragon}', '{}', '{ground}'),
('14', 'psychic', '{bug,ghost,dark}', '{fighting,poison}', '{fighting,psychic}', '{steel,psychic}', '{}', '{dark}'),
('15', 'ice', '{fighting,rock,steel,fire}', '{flying,ground,grass,dragon}', '{ice}', '{steel,fire,water,ice}', '{}', '{}'),
('16', 'dragon', '{ice,dragon,fairy}', '{dragon}', '{fire,water,grass,electric}', '{steel}', '{}', '{fairy}'),
('17', 'dark', '{fighting,bug,fairy}', '{ghost,psychic}', '{ghost,dark}', '{fighting,dark,fairy}', '{psychic}', '{}'),
('18', 'fairy', '{poison,steel}', '{fighting,dragon,dark}', '{fighting,bug,dark}', '{poison,steel,fire}', '{dragon}', '{}'),
('19', 'unknown', '{}', '{}', '{}', '{}', '{}', '{}'),
('20', 'shadow', '{}', '{}', '{}', '{}', '{}', '{}');


